cpu_usage,memory_usage,net_io,disk_io,cloud_provider,region,vm_type,vCPU,RAM_GB,price_per_hour,target,latency_ms,throughput,cost,utilization
43.71,95.56,379.4,638.79,1,1,2,1,1.0,0.0116,2,228.02,1380.99,0.0174,69.64
15.23,87.96,320.5,737.27,1,2,2,1,1.0,0.0116,2,243.71,1059.03,0.0174,51.59
26.36,26.51,186.91,572.28,0,1,0,1,1.0,0.012,1,256.32,500.59,0.018,26.44
65.07,22.55,181.47,429.73,0,0,0,1,1.0,0.012,0,270.85,864.91,0.018,43.81
27.97,56.28,316.59,141.81,1,1,0,1,1.0,0.012,0,246.37,861.28,0.018,42.12
15.85,95.4,484.53,827.56,2,1,2,1,1.0,0.0116,2,238.37,1097.92,0.0174,55.62
71.58,49.61,104.92,545.66,0,1,2,1,1.0,0.0116,0,247.63,1150.86,0.0174,60.59
38.05,56.81,296.02,266.37,1,0,2,1,1.0,0.0116,0,259.95,957.17,0.0174,47.43
17.96,27.64,70.35,392.8,1,1,0,1,1.0,0.012,1,262.41,420.01,0.018,22.8
84.59,42.11,176.42,588.43,1,0,0,1,1.0,0.012,0,239.89,1247.75,0.018,63.35
16.71,98.82,397.51,278.84,2,1,1,1,3.75,0.0475,2,252.54,1201.86,0.1366,57.77
79.41,16.66,211.31,204.28,1,2,2,1,1.0,0.0116,0,255.28,1009.48,0.0174,48.03
39.78,15.72,189.94,392.66,0,0,1,1,3.75,0.0475,0,280.38,622.81,0.1366,27.75
89.85,52.5,103.82,741.92,2,2,2,1,1.0,0.0116,2,232.44,1500.4,0.0174,71.17
79.39,54.44,285.23,484.79,0,2,2,1,1.0,0.0116,0,233.96,1323.35,0.0174,66.91
38.29,55.77,458.4,324.36,0,2,2,1,1.0,0.0116,0,267.75,914.69,0.0174,47.03
30.59,16.93,180.39,245.1,2,2,0,1,1.0,0.012,0,285.39,491.64,0.018,23.76
82.33,26.79,451.65,585.41,2,1,0,1,1.0,0.012,0,238.42,1074.82,0.018,54.56
30.51,48.44,418.11,874.66,2,0,2,1,1.0,0.0116,0,260.58,777.77,0.0174,39.48
47.57,29.99,103.94,403.85,2,1,0,1,1.0,0.012,0,259.61,795.8,0.018,38.78
56.69,73.27,213.63,974.6,2,0,0,1,1.0,0.012,0,215.83,1298.27,0.018,64.98
35.64,13.32,324.3,552.41,2,0,2,1,1.0,0.0116,0,273.6,504.68,0.0174,24.48
23.04,54.05,493.54,317.85,1,1,2,1,1.0,0.0116,0,272.88,808.5,0.0174,38.55
31.39,75.54,215.5,669.08,1,1,1,1,3.75,0.0475,0,252.4,1178.82,0.1366,53.47
18.13,85.18,194.35,267.87,0,1,2,1,1.0,0.0116,2,249.34,1007.93,0.0174,51.66
70.98,11.49,280.44,303.85,2,2,1,1,3.75,0.0475,0,248.14,848.38,0.1366,41.23
72.18,44.81,471.53,223.77,1,2,2,1,1.0,0.0116,0,233.67,1153.8,0.0174,58.5
93.22,88.96,166.07,693.99,2,2,2,1,1.0,0.0116,2,211.18,1887.16,0.0174,91.09
57.67,31.77,91.9,907.49,1,2,0,1,1.0,0.012,0,257.88,933.49,0.018,44.72
40.51,41.43,376.68,907.4,1,0,2,1,1.0,0.0116,0,261.53,836.72,0.0174,40.97
67.78,17.57,122.73,908.7,1,0,2,1,1.0,0.0116,0,260.26,817.78,0.0174,42.67
10.46,24.47,296.93,722.71,1,0,2,1,1.0,0.0116,1,270.62,382.13,0.0174,17.46
74.1,31.35,196.43,771.84,0,2,1,1,3.75,0.0475,0,256.91,1075.14,0.1366,52.72
69.19,61.15,92.15,430.94,2,0,0,1,1.0,0.012,0,225.93,1262.61,0.018,65.17
97.57,45.38,451.42,668.02,1,1,0,1,1.0,0.012,2,228.66,1502.18,0.018,71.47
61.92,54.33,137.86,750.21,2,1,2,1,1.0,0.0116,0,231.17,1186.62,0.0174,58.12
94.64,95.85,461.69,433.14,0,2,1,1,3.75,0.0475,2,209.49,1901.26,0.1366,95.25
96.73,86.77,182.5,446.59,2,1,2,1,1.0,0.0116,2,203.78,1877.82,0.0174,91.75
25.25,60.11,471.27,726.43,1,0,1,1,3.75,0.0475,0,248.48,861.29,0.1366,42.68
65.35,99.1,113.04,566.5,0,0,1,1,3.75,0.0475,2,221.35,1672.54,0.1366,82.22
72.73,73.22,211.77,364.23,2,0,1,1,3.75,0.0475,0,232.18,1485.19,0.1366,72.97
88.04,92.19,280.1,551.36,0,2,2,1,1.0,0.0116,2,215.59,1859.08,0.0174,90.12
73.18,81.62,450.5,404.2,0,0,0,1,1.0,0.012,0,214.87,1536.16,0.018,77.4
62.05,13.23,259.52,588.38,1,2,0,1,1.0,0.012,0,269.22,672.16,0.018,37.64
12.75,13.36,420.17,424.17,1,2,0,1,1.0,0.012,1,287.59,207.21,0.018,13.05
79.3,29.42,330.3,176.81,2,2,2,1,1.0,0.0116,0,246.1,1054.62,0.0174,54.36
58.66,67.37,376.74,978.27,0,0,1,1,3.75,0.0475,0,216.73,1269.62,0.1366,63.02
81.57,34.37,247.54,170.61,0,1,2,1,1.0,0.0116,0,247.08,1202.69,0.0174,57.97
46.81,25.6,120.4,325.22,0,0,2,1,1.0,0.0116,0,281.45,744.35,0.0174,36.2
69.42,35.19,479.69,764.11,1,2,0,1,1.0,0.012,0,268.92,1097.72,0.018,52.3
47.76,32.3,210.19,782.06,0,2,1,1,3.75,0.0475,0,264.41,839.33,0.1366,40.03
52.68,18.81,271.23,526.12,1,2,0,1,1.0,0.012,0,261.73,652.51,0.018,35.74
45.87,65.43,335.79,140.77,2,0,2,1,1.0,0.0116,0,258.76,1041.21,0.0174,55.65
55.28,87.08,346.41,246.64,1,0,2,1,1.0,0.0116,2,230.81,1393.59,0.0174,71.18
12.39,62.72,473.1,617.93,1,0,1,1,3.75,0.0475,0,278.31,689.21,0.1366,37.55
51.24,59.11,473.66,447.49,1,2,2,1,1.0,0.0116,0,247.63,1072.37,0.0174,55.17
16.41,38.71,430.19,120.94,2,2,2,1,1.0,0.0116,0,266.55,593.68,0.0174,27.56
20.63,72.71,333.02,889.72,2,1,0,1,1.0,0.012,0,261.46,964.88,0.018,46.67
35.38,25.97,387.78,826.15,1,2,0,1,1.0,0.012,0,269.12,619.37,0.018,30.68
43.48,79.88,203.36,937.68,0,0,2,1,1.0,0.0116,0,236.14,1288.54,0.0174,61.68
77.58,77.91,96.41,912.3,1,2,0,1,1.0,0.012,0,235.31,1555.95,0.018,77.75
38.8,90.6,225.14,109.75,1,0,2,1,1.0,0.0116,2,238.54,1287.49,0.0174,64.7
95.55,61.61,334.33,503.6,0,2,2,1,1.0,0.0116,2,211.36,1510.89,0.0174,78.58
70.53,77.71,406.21,810.66,1,0,2,1,1.0,0.0116,0,225.76,1437.54,0.0174,74.12
15.18,59.46,248.69,898.93,1,2,1,1,3.75,0.0475,0,254.43,730.33,0.1366,37.32
22.87,78.54,328.2,191.01,0,1,1,1,3.75,0.0475,0,251.74,988.75,0.1366,50.71
16.55,83.97,367.81,173.21,2,1,2,1,1.0,0.0116,0,235.26,934.83,0.0174,50.26
83.15,95.25,493.7,778.04,0,0,2,1,1.0,0.0116,2,203.62,1773.33,0.0174,89.2
79.94,60.26,240.9,915.72,0,0,1,1,3.75,0.0475,0,229.71,1351.87,0.1366,70.1
11.02,52.18,75.34,206.94,0,0,2,1,1.0,0.0116,0,271.63,590.64,0.0174,31.6
77.14,62.5,482.98,437.38,0,0,1,1,3.75,0.0475,0,237.08,1376.34,0.1366,69.82
30.12,96.69,55.47,972.89,1,1,1,1,3.75,0.0475,2,238.84,1268.73,0.1366,63.41
16.64,59.85,486.19,570.79,1,0,1,1,3.75,0.0475,0,276.27,812.86,0.1366,38.25
50.91,66.48,312.94,911.04,0,0,0,1,1.0,0.012,0,263.2,1133.49,0.018,58.7
34.96,26.93,258.66,418.02,1,1,0,1,1.0,0.012,0,261.46,626.42,0.018,30.95
97.7,98.76,364.17,582.49,2,2,0,1,1.0,0.012,2,211.27,1935.75,0.018,98.23
71.63,24.64,459.92,840.28,1,2,1,1,3.75,0.0475,0,238.66,1054.27,0.1366,48.13
93.95,87.95,70.35,123.73,1,2,2,1,1.0,0.0116,2,220.84,1795.54,0.0174,90.95
98.85,23.54,317.36,442.8,0,1,2,1,1.0,0.0116,2,237.66,1285.79,0.0174,61.19
47.33,34.61,75.37,878.25,2,1,0,1,1.0,0.012,0,259.08,821.75,0.018,40.97
79.21,95.03,432.34,322.61,1,1,0,1,1.0,0.012,2,202.2,1735.28,0.018,87.12
95.86,64.56,152.89,704.53,0,1,2,1,1.0,0.0116,2,204.45,1668.08,0.0174,80.21
20.22,70.44,284.14,795.09,1,0,2,1,1.0,0.0116,0,266.46,909.98,0.0174,45.33
59.67,60.48,444.49,463.13,0,1,2,1,1.0,0.0116,0,246.38,1269.93,0.0174,60.08
73.37,29.17,111.37,113.09,2,1,0,1,1.0,0.012,0,259.31,937.46,0.018,51.27
45.3,49.37,456.87,413.43,0,2,0,1,1.0,0.012,0,267.69,950.4,0.018,47.33
45.69,65.99,438.06,954.57,2,1,0,1,1.0,0.012,0,227.13,1114.02,0.018,55.84
51.32,98.2,271.68,395.88,0,0,0,1,1.0,0.012,2,212.2,1528.68,0.018,74.76
16.83,21.6,107.62,236.71,1,2,2,1,1.0,0.0116,1,284.45,337.31,0.0174,19.21
26.37,41.11,453.55,526.57,2,2,2,1,1.0,0.0116,0,256.4,700.0,0.0174,33.74
27.31,13.68,126.02,350.73,0,1,0,1,1.0,0.012,1,278.43,358.14,0.018,20.49
28.57,42.78,276.54,721.36,2,2,1,1,3.75,0.0475,0,257.33,724.2,0.1366,35.67
88.62,92.88,77.49,349.19,2,2,0,1,1.0,0.012,2,215.39,1852.88,0.018,90.75
26.61,28.84,216.71,536.07,0,0,0,1,1.0,0.012,1,257.12,622.84,0.018,27.73
51.63,77.27,66.51,327.19,1,1,2,1,1.0,0.0116,0,241.32,1304.56,0.0174,64.45
56.05,57.89,98.23,502.67,2,0,1,1,3.75,0.0475,0,226.97,1149.57,0.1366,56.97
34.23,43.96,59.03,389.87,0,1,2,1,1.0,0.0116,0,254.44,727.82,0.0174,39.09
20.78,90.15,317.12,711.19,0,0,1,1,3.75,0.0475,2,244.46,1183.3,0.1366,55.47
17.82,58.34,314.08,770.9,0,2,2,1,1.0,0.0116,0,251.55,752.08,0.0174,38.08
35.54,42.68,340.66,613.7,2,2,2,1,1.0,0.0116,0,246.9,810.35,0.0174,39.11
19.16,23.76,160.68,244.61,0,2,0,1,1.0,0.012,1,272.62,386.0,0.018,21.46
25.6,90.71,86.11,572.06,0,1,0,1,1.0,0.012,2,244.55,1160.59,0.018,58.16
20.08,45.81,486.26,878.96,1,1,2,1,1.0,0.0116,0,261.29,696.67,0.0174,32.95
25.38,70.18,468.22,601.09,0,1,1,1,3.75,0.0475,0,235.53,982.77,0.1366,47.78
79.25,26.83,195.66,482.89,2,2,2,1,1.0,0.0116,0,230.68,1063.2,0.0174,53.04
20.34,64.96,179.88,623.11,2,1,2,1,1.0,0.0116,0,256.69,792.45,0.0174,42.65
57.93,14.66,201.47,220.97,2,1,1,1,3.75,0.0475,0,273.77,697.06,0.1366,36.3
32.92,71.34,392.1,636.07,2,2,1,1,3.75,0.0475,0,223.15,1002.76,0.1366,52.13
41.4,93.66,423.78,968.52,2,0,0,1,1.0,0.012,2,236.18,1320.4,0.018,67.53
94.45,26.31,79.92,767.01,1,0,0,1,1.0,0.012,2,251.3,1220.32,0.018,60.38
22.58,81.57,140.73,247.29,2,1,2,1,1.0,0.0116,0,251.87,1020.45,0.0174,52.07
69.87,57.08,211.47,889.48,2,1,2,1,1.0,0.0116,0,248.54,1249.1,0.0174,63.48
49.52,43.92,258.21,371.24,1,0,0,1,1.0,0.012,0,253.46,1018.22,0.018,46.72
30.9,90.96,222.75,589.2,0,0,1,1,3.75,0.0475,2,241.43,1257.14,0.1366,60.93
20.52,94.58,332.47,401.42,0,1,0,1,1.0,0.012,2,245.83,1130.24,0.018,57.55
65.81,58.01,452.25,809.74,2,0,0,1,1.0,0.012,0,233.5,1195.71,0.018,61.91
32.36,76.96,65.09,612.9,0,1,0,1,1.0,0.012,0,250.13,1109.88,0.018,54.66
40.79,83.91,99.78,861.81,0,1,2,1,1.0,0.0116,0,234.95,1198.06,0.0174,62.35
81.76,23.49,153.16,750.03,1,1,0,1,1.0,0.012,0,256.07,1120.28,0.018,52.62
72.46,58.85,163.31,411.13,0,2,2,1,1.0,0.0116,0,216.56,1387.9,0.0174,65.66
51.58,95.26,119.01,627.61,1,1,0,1,1.0,0.012,2,251.04,1474.86,0.018,73.42
11.63,88.49,469.45,608.62,1,1,0,1,1.0,0.012,2,254.75,1012.39,0.018,50.06
73.65,23.73,309.33,646.04,0,2,0,1,1.0,0.012,0,267.24,948.24,0.018,48.69
94.09,93.3,252.88,201.91,1,0,0,1,1.0,0.012,2,206.86,1928.61,0.018,93.69
63.21,45.91,74.64,401.68,2,2,2,1,1.0,0.0116,0,235.32,1008.46,0.0174,54.56
58.37,92.79,205.86,412.26,1,0,1,1,3.75,0.0475,2,221.06,1595.05,0.1366,75.58
30.21,50.72,113.39,258.75,0,2,1,1,3.75,0.0475,0,232.57,806.59,0.1366,40.47
92.34,42.62,311.26,669.04,0,0,0,1,1.0,0.012,2,229.83,1294.27,0.018,67.48
17.68,99.72,275.99,635.85,2,2,1,1,3.75,0.0475,2,241.44,1172.79,0.1366,58.7
28.89,90.82,142.31,271.62,0,1,1,1,3.75,0.0475,2,239.82,1169.93,0.1366,59.85
60.84,15.91,398.99,507.96,1,0,2,1,1.0,0.0116,0,235.12,822.08,0.0174,38.38
46.07,60.37,119.86,263.74,0,0,2,1,1.0,0.0116,0,232.7,1025.51,0.0174,53.22
67.96,46.79,61.42,240.54,1,2,2,1,1.0,0.0116,0,251.98,1211.08,0.0174,57.38
12.44,29.98,153.98,704.7,2,1,2,1,1.0,0.0116,1,273.54,448.67,0.0174,21.21
68.75,31.44,94.75,318.85,2,2,2,1,1.0,0.0116,0,257.01,1024.11,0.0174,50.09
84.72,45.75,350.64,284.49,2,0,0,1,1.0,0.012,0,240.7,1289.22,0.018,65.23
11.17,17.7,143.55,123.88,2,0,0,1,1.0,0.012,1,288.83,226.14,0.018,14.43
47.93,90.34,417.85,407.64,1,1,0,1,1.0,0.012,2,223.82,1312.28,0.018,69.14
63.13,34.13,330.87,468.47,1,2,0,1,1.0,0.012,0,230.55,1057.42,0.018,48.63
36.5,95.36,393.62,226.1,0,1,1,1,3.75,0.0475,2,233.69,1373.77,0.1366,65.93
90.51,81.99,241.35,120.22,0,1,0,1,1.0,0.012,2,216.83,1639.49,0.018,86.25
67.01,33.21,112.71,851.44,1,1,1,1,3.75,0.0475,0,250.07,1019.58,0.1366,50.11
25.45,34.51,58.28,922.87,2,0,2,1,1.0,0.0116,0,271.98,550.68,0.0174,29.98
34.66,59.88,343.14,846.77,1,2,2,1,1.0,0.0116,0,255.29,994.53,0.0174,47.27
64.05,69.85,128.92,922.97,1,0,1,1,3.75,0.0475,0,214.64,1275.02,0.1366,66.95
56.7,14.23,124.83,764.23,1,2,1,1,3.75,0.0475,0,266.4,671.53,0.1366,35.47
32.08,45.04,179.91,420.11,0,1,0,1,1.0,0.012,0,251.68,823.88,0.018,38.56
60.98,52.84,348.65,943.15,2,2,2,1,1.0,0.0116,0,234.51,1173.22,0.0174,56.91
12.81,33.6,317.79,146.28,0,2,2,1,1.0,0.0116,0,302.4,459.3,0.0174,23.21
40.08,79.38,97.97,167.62,1,2,2,1,1.0,0.0116,0,239.92,1283.14,0.0174,59.73
71.96,49.13,160.88,837.19,1,2,0,1,1.0,0.012,0,245.78,1259.53,0.018,60.55
34.49,63.12,212.44,182.42,1,2,0,1,1.0,0.012,0,250.45,1007.13,0.018,48.8
26.66,58.77,442.83,759.0,0,1,2,1,1.0,0.0116,0,262.88,908.34,0.0174,42.72
72.3,86.43,162.35,540.48,1,1,0,1,1.0,0.012,2,224.93,1597.68,0.018,79.37
26.25,61.12,461.97,130.55,0,2,0,1,1.0,0.012,0,245.5,926.36,0.018,43.69
93.2,97.4,474.92,526.79,1,1,1,1,3.75,0.0475,2,204.98,1907.49,0.1366,95.3
38.72,84.6,66.65,636.64,0,1,1,1,3.75,0.0475,0,234.0,1217.74,0.1366,61.66
16.93,72.67,202.94,752.29,2,1,1,1,3.75,0.0475,0,253.33,874.01,0.1366,44.8
58.55,81.17,193.44,663.3,0,0,2,1,1.0,0.0116,0,232.81,1441.68,0.0174,69.86
30.97,12.2,441.54,119.14,1,1,1,1,3.75,0.0475,0,279.24,484.97,0.1366,21.59
94.52,81.89,499.07,415.64,1,2,0,1,1.0,0.012,2,206.62,1834.57,0.018,88.2
53.19,66.48,443.15,985.68,1,1,2,1,1.0,0.0116,0,235.71,1269.37,0.0174,59.84
47.92,76.38,157.45,199.43,0,1,1,1,3.75,0.0475,0,224.41,1197.07,0.1366,62.15
36.67,31.02,68.94,116.09,0,1,0,1,1.0,0.012,0,265.81,688.61,0.018,33.84
44.59,71.17,148.21,954.97,2,2,0,1,1.0,0.012,0,251.96,1146.9,0.018,57.88
95.03,52.07,326.04,250.33,1,1,1,1,3.75,0.0475,2,228.11,1495.62,0.1366,73.55
64.7,56.14,153.8,258.88,0,0,2,1,1.0,0.0116,0,233.35,1180.63,0.0174,60.42
80.16,41.51,76.03,972.19,2,1,1,1,3.75,0.0475,0,253.37,1188.16,0.1366,60.83
72.64,23.85,417.12,302.0,0,1,1,1,3.75,0.0475,0,253.78,889.11,0.1366,48.25
63.36,62.21,91.17,889.71,2,2,2,1,1.0,0.0116,0,231.09,1236.31,0.0174,62.78
89.99,96.01,437.96,828.56,0,1,0,1,1.0,0.012,2,213.59,1960.51,0.018,93.0
17.83,46.76,217.71,333.78,0,2,1,1,3.75,0.0475,0,267.37,735.63,0.1366,32.3
17.29,29.82,357.47,168.52,2,1,1,1,3.75,0.0475,1,276.28,530.52,0.1366,23.55
53.25,63.32,421.11,413.03,2,0,0,1,1.0,0.012,0,248.53,1258.04,0.018,58.28
34.03,89.08,408.84,692.61,2,0,0,1,1.0,0.012,2,246.65,1256.46,0.018,61.55
72.77,71.21,328.38,777.44,2,1,2,1,1.0,0.0116,0,226.34,1447.14,0.0174,71.99
40.16,76.92,122.34,836.17,2,1,0,1,1.0,0.012,0,241.75,1234.72,0.018,58.54
10.57,35.83,327.62,983.07,2,1,2,1,1.0,0.0116,0,263.2,501.31,0.0174,23.2
67.06,58.6,400.93,196.28,1,2,1,1,3.75,0.0475,0,239.66,1335.47,0.1366,62.83
96.67,40.77,334.68,938.83,1,2,1,1,3.75,0.0475,2,226.82,1384.1,0.1366,68.72
37.09,73.74,80.31,623.95,1,0,2,1,1.0,0.0116,0,256.54,1032.14,0.0174,55.41
14.12,88.44,488.07,971.99,2,0,2,1,1.0,0.0116,2,243.13,1044.46,0.0174,51.28
78.24,12.21,59.96,391.25,2,1,0,1,1.0,0.012,0,270.43,901.21,0.018,45.22
71.5,50.13,173.13,997.41,2,1,0,1,1.0,0.012,0,224.7,1106.36,0.018,60.81
24.73,81.53,362.16,298.69,1,0,0,1,1.0,0.012,0,249.31,1034.4,0.018,53.13
68.91,34.59,477.89,235.95,1,0,0,1,1.0,0.012,0,254.75,1030.04,0.018,51.75
47.78,67.47,228.92,346.79,0,2,1,1,3.75,0.0475,0,241.92,1164.67,0.1366,57.62
90.47,30.7,145.9,128.02,0,0,1,1,3.75,0.0475,2,226.9,1283.89,0.1366,60.59
87.79,52.59,485.69,266.97,1,2,0,1,1.0,0.012,2,233.24,1426.64,0.018,70.19
79.38,86.03,392.46,663.6,0,0,1,1,3.75,0.0475,2,219.26,1689.55,0.1366,82.7
81.69,53.34,102.79,212.67,1,2,0,1,1.0,0.012,0,225.72,1440.35,0.018,67.52
28.05,54.24,78.89,623.77,2,2,1,1,3.75,0.0475,0,267.26,790.27,0.1366,41.15
37.93,50.97,55.23,165.2,1,2,0,1,1.0,0.012,0,251.03,767.81,0.018,44.45
64.0,36.25,362.74,874.11,0,1,1,1,3.75,0.0475,0,240.21,1000.11,0.1366,50.12
31.78,98.8,114.12,549.0,1,2,0,1,1.0,0.012,2,249.74,1349.67,0.018,65.29
60.37,10.88,196.91,565.94,1,1,0,1,1.0,0.012,0,261.9,678.4,0.018,35.62
12.99,17.07,228.62,219.44,1,2,1,1,3.75,0.0475,1,302.95,332.64,0.1366,15.03
82.05,28.01,125.37,194.11,1,1,1,1,3.75,0.0475,0,258.96,1146.83,0.1366,55.03
12.84,94.26,73.39,587.17,2,1,1,1,3.75,0.0475,2,253.43,1090.67,0.1366,53.55
74.27,82.16,202.75,833.34,1,0,0,1,1.0,0.012,0,234.96,1574.18,0.018,78.22
50.71,67.92,286.88,758.43,2,2,1,1,3.75,0.0475,0,234.17,1162.11,0.1366,59.31
88.46,29.73,489.14,403.21,2,0,2,1,1.0,0.0116,2,246.13,1153.21,0.0174,59.09
69.28,54.84,299.91,747.28,1,2,0,1,1.0,0.012,0,238.32,1247.2,0.018,62.06
27.96,71.22,82.49,127.59,0,0,2,1,1.0,0.0116,0,247.84,908.37,0.0174,49.59
88.14,75.45,384.22,482.94,2,0,0,1,1.0,0.012,2,205.95,1562.68,0.018,81.8
98.89,13.61,440.16,620.81,1,0,1,1,3.75,0.0475,2,260.59,1102.06,0.1366,56.25
53.8,88.61,455.32,479.55,0,1,0,1,1.0,0.012,2,235.32,1345.28,0.018,71.2
92.11,28.96,330.33,668.4,2,1,2,1,1.0,0.0116,2,233.21,1230.49,0.0174,60.53
74.42,91.81,130.86,313.79,0,1,2,1,1.0,0.0116,2,216.63,1720.94,0.0174,83.12
32.25,88.37,250.39,563.34,0,2,0,1,1.0,0.012,2,251.18,1119.21,0.018,60.31
24.72,45.2,486.24,332.32,0,2,1,1,3.75,0.0475,0,252.09,757.24,0.1366,34.96
79.61,21.78,486.42,508.41,1,0,2,1,1.0,0.0116,0,250.07,949.75,0.0174,50.7
40.33,84.6,243.9,323.84,1,0,1,1,3.75,0.0475,0,252.54,1291.81,0.1366,62.46
25.03,25.09,66.5,762.76,2,2,2,1,1.0,0.0116,1,271.72,605.04,0.0174,25.06
85.98,82.51,313.41,881.44,0,0,0,1,1.0,0.012,2,213.16,1675.08,0.018,84.25
34.28,15.14,289.03,942.95,0,1,1,1,3.75,0.0475,0,282.62,490.16,0.1366,24.71
38.45,55.65,68.71,233.51,0,1,0,1,1.0,0.012,0,262.11,958.32,0.018,47.05
50.93,56.4,269.98,700.18,1,2,2,1,1.0,0.0116,0,257.42,1021.3,0.0174,53.66
28.17,70.61,486.46,184.51,1,1,2,1,1.0,0.0116,0,244.37,1083.5,0.0174,49.39
88.13,25.94,361.68,854.3,2,1,1,1,3.75,0.0475,2,244.47,1158.95,0.1366,57.03
54.75,65.61,441.01,613.55,1,0,0,1,1.0,0.012,0,250.88,1262.95,0.018,60.18
29.41,69.3,227.24,686.11,1,2,1,1,3.75,0.0475,0,253.67,949.39,0.1366,49.35
99.95,14.34,489.73,466.22,1,0,0,1,1.0,0.012,2,246.07,1164.0,0.018,57.15
61.03,76.46,445.33,463.73,2,0,1,1,3.75,0.0475,0,243.15,1313.52,0.1366,68.75
82.71,78.61,409.02,492.02,0,0,1,1,3.75,0.0475,0,217.84,1619.48,0.1366,80.66
59.0,10.52,196.06,429.82,2,2,2,1,1.0,0.0116,0,281.19,652.85,0.0174,34.76
44.97,50.38,156.89,435.93,1,2,0,1,1.0,0.012,0,268.75,1003.99,0.018,47.67
65.75,51.71,220.9,877.0,2,0,2,1,1.0,0.0116,0,216.28,1289.15,0.0174,58.73
12.31,40.71,221.09,458.94,2,2,2,1,1.0,0.0116,0,283.72,652.19,0.0174,26.51
64.71,78.84,415.84,746.31,1,2,2,1,1.0,0.0116,0,235.81,1449.56,0.0174,71.78
31.91,93.43,77.12,940.99,2,2,1,1,3.75,0.0475,2,229.79,1239.37,0.1366,62.67
53.73,33.11,178.19,376.56,1,1,2,1,1.0,0.0116,0,258.38,938.0,0.0174,43.42
38.02,64.93,372.27,345.36,0,1,1,1,3.75,0.0475,0,238.7,1018.27,0.1366,51.48
26.3,71.3,131.65,572.65,1,1,0,1,1.0,0.012,0,245.19,991.99,0.018,48.8
61.06,33.09,483.32,535.19,0,1,1,1,3.75,0.0475,0,255.16,1009.71,0.1366,47.08
13.91,66.98,478.13,641.45,2,2,0,1,1.0,0.012,0,260.04,810.93,0.018,40.45
30.53,29.08,324.94,469.93,2,2,2,1,1.0,0.0116,0,257.76,561.45,0.0174,29.8
80.25,34.73,420.18,481.36,0,2,1,1,3.75,0.0475,0,235.78,1163.75,0.1366,57.49
66.15,50.66,313.97,251.21,1,0,2,1,1.0,0.0116,0,247.93,1188.79,0.0174,58.41
29.51,18.61,60.64,677.77,1,2,1,1,3.75,0.0475,1,285.58,591.73,0.1366,24.06
30.88,45.18,317.51,547.09,0,2,1,1,3.75,0.0475,0,253.93,842.56,0.1366,38.03
48.54,74.58,361.6,992.13,2,2,0,1,1.0,0.012,0,244.13,1312.62,0.018,61.56
34.67,17.15,88.55,904.77,1,0,0,1,1.0,0.012,0,268.27,467.46,0.018,25.91
30.4,41.95,81.24,567.15,1,1,1,1,3.75,0.0475,0,266.16,645.71,0.1366,36.17
89.21,68.58,289.83,391.9,0,2,1,1,3.75,0.0475,2,233.38,1517.42,0.1366,78.89
99.47,69.57,301.0,757.59,2,1,1,1,3.75,0.0475,2,208.43,1687.61,0.1366,84.52
60.61,96.19,128.89,721.0,2,0,0,1,1.0,0.012,2,223.29,1497.31,0.018,78.4
18.7,50.53,390.27,412.81,2,0,2,1,1.0,0.0116,0,276.3,722.76,0.0174,34.62
93.45,31.12,229.69,237.17,2,1,0,1,1.0,0.012,2,249.85,1252.79,0.018,62.29
56.89,66.12,90.11,779.74,1,1,1,1,3.75,0.0475,0,239.83,1222.48,0.1366,61.51
80.38,73.79,66.27,372.82,1,0,0,1,1.0,0.012,0,215.06,1475.14,0.018,77.09
17.89,94.33,299.21,374.97,0,1,0,1,1.0,0.012,2,232.86,1014.56,0.018,56.11
64.05,56.41,463.73,547.27,2,1,1,1,3.75,0.0475,0,240.59,1199.66,0.1366,60.23
44.26,89.02,440.63,825.33,0,1,1,1,3.75,0.0475,2,226.68,1382.4,0.1366,66.64
17.28,46.27,128.09,725.46,2,2,2,1,1.0,0.0116,0,268.51,635.04,0.0174,31.78
67.69,84.02,109.64,875.81,2,2,1,1,3.75,0.0475,0,223.89,1557.99,0.1366,75.85
64.56,78.83,128.68,552.31,2,2,1,1,3.75,0.0475,0,217.65,1418.64,0.1366,71.69
43.08,16.14,61.62,221.65,2,1,1,1,3.75,0.0475,0,270.96,618.68,0.1366,29.61
96.92,48.92,190.32,555.53,0,0,0,1,1.0,0.012,2,217.69,1451.2,0.018,72.92
67.67,29.44,328.81,685.18,0,2,2,1,1.0,0.0116,0,249.31,1045.64,0.0174,48.55
15.23,99.54,76.0,725.53,1,1,0,1,1.0,0.012,2,236.48,1132.58,0.018,57.39
72.29,15.61,279.24,997.03,0,1,2,1,1.0,0.0116,0,260.42,938.53,0.0174,43.95
37.56,66.15,287.17,483.48,0,1,0,1,1.0,0.012,0,234.48,1025.86,0.018,51.86
43.1,47.27,422.39,760.25,0,1,2,1,1.0,0.0116,0,249.05,774.15,0.0174,45.19
11.73,33.38,392.13,223.4,2,0,2,1,1.0,0.0116,0,262.66,460.27,0.0174,22.55
11.09,31.71,489.14,821.38,1,1,1,1,3.75,0.0475,0,278.45,456.96,0.1366,21.4
19.88,59.32,254.47,859.92,1,2,1,1,3.75,0.0475,0,260.13,745.34,0.1366,39.6
23.5,39.22,381.81,528.42,0,0,0,1,1.0,0.012,0,254.92,546.52,0.018,31.36
51.35,80.65,451.44,959.8,1,0,2,1,1.0,0.0116,0,227.31,1372.0,0.0174,66.0
71.93,49.38,164.6,856.78,0,2,2,1,1.0,0.0116,0,260.92,1182.81,0.0174,60.66
69.34,90.56,336.5,652.54,1,1,1,1,3.75,0.0475,2,220.37,1561.33,0.1366,79.95
23.52,76.37,280.5,712.21,1,0,1,1,3.75,0.0475,0,246.4,1008.13,0.1366,49.95
16.41,11.09,480.43,763.76,2,0,2,1,1.0,0.0116,1,272.78,226.42,0.0174,13.75
41.47,79.72,347.62,266.68,0,0,0,1,1.0,0.012,0,251.26,1247.85,0.018,60.59
33.85,11.89,86.98,971.07,1,1,2,1,1.0,0.0116,0,287.09,419.56,0.0174,22.87
66.22,44.37,142.56,209.25,1,2,0,1,1.0,0.012,0,257.99,1133.71,0.018,55.3
67.95,57.73,68.88,971.64,1,1,0,1,1.0,0.012,0,230.72,1303.19,0.018,62.84
98.2,64.17,312.09,773.27,0,2,0,1,1.0,0.012,2,224.2,1677.33,0.018,81.19
21.53,40.44,467.64,302.15,2,0,1,1,3.75,0.0475,0,258.57,521.38,0.1366,30.98
49.55,65.16,474.38,316.62,0,0,0,1,1.0,0.012,0,240.43,1133.26,0.018,57.35
89.82,68.12,178.66,834.35,2,1,1,1,3.75,0.0475,2,219.36,1593.53,0.1366,78.97
77.95,51.45,428.9,755.64,2,1,1,1,3.75,0.0475,0,241.93,1352.67,0.1366,64.7
25.97,59.05,493.1,943.65,2,0,1,1,3.75,0.0475,0,261.49,817.63,0.1366,42.51
83.6,29.22,277.63,856.63,1,1,1,1,3.75,0.0475,0,246.68,1213.31,0.1366,56.41
63.13,55.75,183.9,608.52,0,0,0,1,1.0,0.012,0,248.09,1207.86,0.018,59.44
67.27,78.5,122.03,515.4,1,2,0,1,1.0,0.012,0,225.02,1415.17,0.018,72.88
82.01,28.36,299.79,759.76,1,2,1,1,3.75,0.0475,0,232.86,1125.93,0.1366,55.19
41.98,80.54,299.4,104.71,2,0,0,1,1.0,0.012,0,230.89,1257.61,0.018,61.26
96.23,43.11,197.12,234.0,2,2,2,1,1.0,0.0116,2,237.55,1374.76,0.0174,69.67
99.67,43.15,251.87,749.86,0,2,1,1,3.75,0.0475,2,230.84,1474.83,0.1366,71.41
45.24,47.14,363.03,102.9,0,2,0,1,1.0,0.012,0,238.55,986.93,0.018,46.19
81.48,18.37,314.69,532.88,1,0,1,1,3.75,0.0475,0,244.43,1007.73,0.1366,49.93
62.2,60.53,302.3,643.14,2,1,1,1,3.75,0.0475,0,248.88,1256.93,0.1366,61.37
34.28,84.25,274.22,169.35,2,1,1,1,3.75,0.0475,0,239.03,1162.64,0.1366,59.27
80.64,73.69,404.88,565.54,0,2,1,1,3.75,0.0475,0,211.42,1533.62,0.1366,77.16
39.54,49.06,89.87,298.55,2,2,0,1,1.0,0.012,0,270.83,917.54,0.018,44.3
99.85,93.98,339.15,479.12,1,2,0,1,1.0,0.012,2,215.3,1967.4,0.018,96.91
20.65,46.89,427.91,445.45,0,0,2,1,1.0,0.0116,0,285.08,752.56,0.0174,33.77
26.6,42.6,200.53,123.58,0,1,0,1,1.0,0.012,0,266.81,603.58,0.018,34.6
36.89,94.66,166.68,486.69,2,2,0,1,1.0,0.012,2,239.36,1288.86,0.018,65.78
51.24,53.47,110.07,172.54,0,0,1,1,3.75,0.0475,0,247.37,1135.71,0.1366,52.36
49.32,75.66,394.48,243.02,1,0,1,1,3.75,0.0475,0,227.53,1264.89,0.1366,62.49
77.62,69.13,480.48,162.06,2,1,2,1,1.0,0.0116,0,225.62,1457.32,0.0174,73.38
33.55,32.23,457.81,324.59,2,1,1,1,3.75,0.0475,0,276.25,617.64,0.1366,32.89
50.48,79.9,79.41,538.81,1,1,1,1,3.75,0.0475,0,210.57,1348.0,0.1366,65.19
41.26,90.99,59.82,697.41,1,0,1,1,3.75,0.0475,2,234.54,1348.3,0.1366,66.12
94.31,14.7,238.46,334.14,2,0,0,1,1.0,0.012,2,253.44,1027.39,0.018,54.51
27.83,60.88,258.77,974.8,2,2,0,1,1.0,0.012,0,239.49,945.34,0.018,44.36
20.27,23.61,151.39,325.87,1,2,1,1,3.75,0.0475,1,280.07,496.23,0.1366,21.94
57.11,20.33,437.06,750.53,1,2,1,1,3.75,0.0475,0,263.04,756.05,0.1366,38.72
58.92,17.36,256.24,536.23,2,2,2,1,1.0,0.0116,0,266.23,808.0,0.0174,38.14
51.61,47.06,342.94,590.89,0,0,2,1,1.0,0.0116,0,250.87,950.3,0.0174,49.34
82.58,51.33,73.38,807.65,2,1,0,1,1.0,0.012,0,226.59,1299.14,0.018,66.95
24.82,39.72,390.54,567.45,1,0,2,1,1.0,0.0116,0,270.96,632.78,0.0174,32.27
89.16,88.35,157.46,506.12,0,1,0,1,1.0,0.012,2,220.08,1771.21,0.018,88.75
58.48,54.8,97.46,691.1,2,2,0,1,1.0,0.012,0,239.1,1190.22,0.018,56.64
79.81,96.8,141.69,571.0,1,0,0,1,1.0,0.012,2,220.89,1732.69,0.018,88.31
61.98,67.11,409.06,456.37,2,1,2,1,1.0,0.0116,0,236.13,1333.54,0.0174,64.55
24.22,72.63,406.97,385.09,2,1,1,1,3.75,0.0475,0,248.23,948.32,0.1366,48.42
26.58,90.46,344.43,236.89,0,2,2,1,1.0,0.0116,2,262.11,1117.02,0.0174,58.52
17.51,89.42,411.62,554.69,1,0,2,1,1.0,0.0116,2,245.74,1091.92,0.0174,53.47
98.57,70.11,335.6,249.36,2,1,2,1,1.0,0.0116,2,213.79,1736.09,0.0174,84.34
24.6,11.13,301.89,574.66,1,2,0,1,1.0,0.012,1,287.93,373.59,0.018,17.87
17.15,75.83,134.34,872.36,0,0,1,1,3.75,0.0475,0,255.19,995.68,0.1366,46.49
73.92,38.29,262.03,839.47,0,1,0,1,1.0,0.012,0,222.68,1091.71,0.018,56.11
54.48,84.54,200.84,256.39,2,2,1,1,3.75,0.0475,0,238.9,1417.54,0.1366,69.51
19.06,31.59,113.89,413.15,2,2,2,1,1.0,0.0116,0,290.83,490.38,0.0174,25.32
68.6,65.88,208.57,857.3,0,2,1,1,3.75,0.0475,0,236.8,1343.59,0.1366,67.24
67.07,21.36,354.28,392.59,0,1,1,1,3.75,0.0475,0,251.14,894.36,0.1366,44.21
25.74,87.02,152.23,853.34,2,1,0,1,1.0,0.012,2,252.33,1060.3,0.018,56.38
72.47,56.14,187.39,291.38,1,0,2,1,1.0,0.0116,0,240.83,1295.08,0.0174,64.31
88.41,78.95,404.8,698.49,0,1,0,1,1.0,0.012,2,220.42,1661.54,0.018,83.68
70.37,60.44,99.95,502.35,2,1,2,1,1.0,0.0116,0,245.67,1302.08,0.0174,65.41
59.2,44.24,489.56,199.65,0,0,1,1,3.75,0.0475,0,242.93,1029.87,0.1366,51.72
76.59,92.63,176.02,872.51,1,0,0,1,1.0,0.012,2,220.52,1679.22,0.018,84.61
77.86,82.44,58.1,966.53,0,0,1,1,3.75,0.0475,0,210.5,1657.3,0.1366,80.15
84.65,35.34,442.74,201.32,2,2,1,1,3.75,0.0475,0,243.68,1291.81,0.1366,60.0
18.69,31.77,55.58,521.89,1,2,1,1,3.75,0.0475,0,282.77,423.78,0.1366,25.23
36.75,36.99,384.44,143.33,1,0,2,1,1.0,0.0116,0,272.63,822.93,0.0174,36.87
90.31,26.68,85.54,315.56,1,0,2,1,1.0,0.0116,2,242.21,1227.99,0.0174,58.5
15.73,84.82,319.54,203.44,0,0,2,1,1.0,0.0116,0,259.48,1030.55,0.0174,50.27
89.11,61.46,282.85,487.38,2,0,2,1,1.0,0.0116,2,218.17,1414.17,0.0174,75.28
79.65,64.17,451.64,499.04,0,1,2,1,1.0,0.0116,0,244.21,1503.95,0.0174,71.91
63.25,73.24,156.85,561.13,1,1,2,1,1.0,0.0116,0,229.29,1322.74,0.0174,68.25
53.89,68.7,477.74,640.59,0,2,1,1,3.75,0.0475,0,239.14,1310.65,0.1366,61.3
67.07,16.38,164.48,425.67,1,0,1,1,3.75,0.0475,0,252.16,832.65,0.1366,41.72
22.6,34.91,487.19,398.21,2,1,2,1,1.0,0.0116,0,257.18,570.94,0.0174,28.75
64.97,35.26,143.15,564.92,2,0,1,1,3.75,0.0475,0,246.79,964.69,0.1366,50.11
82.23,61.48,280.7,364.14,1,2,2,1,1.0,0.0116,0,226.54,1470.67,0.0174,71.86
17.84,65.54,101.23,410.7,1,1,1,1,3.75,0.0475,0,269.07,834.87,0.1366,41.69
54.42,73.2,496.77,218.34,1,0,0,1,1.0,0.012,0,229.11,1200.51,0.018,63.81
47.96,46.99,458.42,742.63,0,2,2,1,1.0,0.0116,0,236.71,994.25,0.0174,47.48
84.14,95.96,419.54,101.41,1,1,0,1,1.0,0.012,2,205.12,1808.34,0.018,90.05
33.18,15.36,321.71,717.93,0,2,2,1,1.0,0.0116,0,273.04,440.84,0.0174,24.27
51.06,43.21,104.46,477.05,0,1,2,1,1.0,0.0116,0,251.55,946.54,0.0174,47.14
17.22,41.93,473.78,701.72,2,0,0,1,1.0,0.012,0,259.52,662.05,0.018,29.57
63.43,10.91,336.24,921.96,1,2,1,1,3.75,0.0475,0,272.36,757.76,0.1366,37.17
75.16,20.85,456.1,159.8,0,2,0,1,1.0,0.012,0,240.56,965.53,0.018,48.0
11.05,47.98,182.77,537.4,2,0,1,1,3.75,0.0475,0,265.0,594.94,0.1366,29.52
21.07,60.28,204.43,756.26,2,0,0,1,1.0,0.012,0,269.02,834.86,0.018,40.67
72.32,48.69,352.83,347.84,2,2,2,1,1.0,0.0116,0,249.5,1176.57,0.0174,60.5
50.18,81.85,420.09,871.81,1,1,1,1,3.75,0.0475,0,232.64,1360.84,0.1366,66.02
38.7,62.4,217.03,640.97,1,2,0,1,1.0,0.012,0,259.78,1067.34,0.018,50.55
43.71,25.02,243.74,228.33,2,1,2,1,1.0,0.0116,0,262.55,726.28,0.0174,34.37
23.9,12.29,340.62,673.21,0,0,0,1,1.0,0.012,1,276.28,351.44,0.018,18.09
46.87,38.01,354.7,645.2,1,1,0,1,1.0,0.012,0,245.22,819.18,0.018,42.44
98.92,50.86,359.72,226.5,2,0,2,1,1.0,0.0116,2,220.37,1497.08,0.0174,74.89
55.49,96.76,222.89,135.1,0,2,0,1,1.0,0.012,2,222.99,1504.0,0.018,76.12
24.4,12.1,390.3,512.67,1,2,1,1,3.75,0.0475,1,287.36,350.23,0.1366,18.25
20.45,96.03,191.29,899.56,0,0,1,1,3.75,0.0475,2,253.49,1183.28,0.1366,58.24
98.56,35.96,482.51,450.53,1,2,2,1,1.0,0.0116,2,217.03,1288.86,0.0174,67.26
58.73,23.87,299.17,587.53,2,2,1,1,3.75,0.0475,0,265.08,851.04,0.1366,41.3
49.64,37.21,166.7,275.16,2,2,0,1,1.0,0.012,0,254.89,844.9,0.018,43.42
34.32,96.98,300.97,412.55,0,1,1,1,3.75,0.0475,2,223.62,1324.96,0.1366,65.65
49.96,66.36,270.0,461.6,2,0,1,1,3.75,0.0475,0,252.85,1261.12,0.1366,58.16
65.86,28.12,227.81,135.51,2,0,1,1,3.75,0.0475,0,279.45,864.65,0.1366,46.99
30.5,96.76,459.25,749.93,1,1,1,1,3.75,0.0475,2,247.23,1277.5,0.1366,63.63
21.76,81.15,106.17,814.79,0,2,1,1,3.75,0.0475,0,254.76,1010.62,0.1366,51.46
94.96,23.39,258.2,982.89,2,1,1,1,3.75,0.0475,2,252.09,1180.93,0.1366,59.17
62.99,43.78,178.6,282.9,1,1,0,1,1.0,0.012,0,240.66,1136.42,0.018,53.39
56.01,54.31,309.78,879.02,1,2,1,1,3.75,0.0475,0,244.29,1117.48,0.1366,55.16
84.48,78.81,308.09,960.44,0,1,0,1,1.0,0.012,0,216.38,1625.34,0.018,81.65
86.86,49.52,431.14,903.78,2,0,1,1,3.75,0.0475,2,237.75,1216.78,0.1366,68.19
66.39,93.37,58.6,529.16,1,2,2,1,1.0,0.0116,2,231.36,1644.98,0.0174,79.88
72.33,22.1,184.73,422.84,0,2,0,1,1.0,0.012,0,246.52,987.42,0.018,47.22
28.96,96.17,53.99,998.04,0,2,1,1,3.75,0.0475,2,246.97,1276.95,0.1366,62.56
36.52,11.29,382.04,850.73,1,2,2,1,1.0,0.0116,0,269.68,499.7,0.0174,23.91
77.81,79.2,346.34,789.5,0,0,0,1,1.0,0.012,0,225.01,1623.61,0.018,78.5
17.97,53.89,84.94,466.79,0,0,2,1,1.0,0.0116,0,257.32,711.37,0.0174,35.93
41.39,19.99,413.71,952.92,2,0,2,1,1.0,0.0116,0,250.37,624.46,0.0174,30.69
16.92,55.06,407.53,736.38,1,2,2,1,1.0,0.0116,0,247.93,681.66,0.0174,35.99
30.91,35.29,411.57,936.31,0,1,1,1,3.75,0.0475,0,275.19,652.31,0.1366,33.1
38.93,52.88,151.71,676.43,0,0,2,1,1.0,0.0116,0,254.69,931.97,0.0174,45.91
42.2,68.3,105.31,899.79,2,0,1,1,3.75,0.0475,0,214.55,1114.19,0.1366,55.25
62.73,66.23,82.3,714.36,1,0,1,1,3.75,0.0475,0,243.59,1240.92,0.1366,64.48
84.03,82.36,298.63,568.15,2,2,1,1,3.75,0.0475,0,220.73,1638.45,0.1366,83.19
34.43,54.7,177.92,220.45,0,2,0,1,1.0,0.012,0,250.19,898.92,0.018,44.56
77.38,38.58,50.06,560.02,0,2,2,1,1.0,0.0116,0,238.74,1167.36,0.0174,57.98
85.54,10.34,161.07,766.81,1,0,0,1,1.0,0.012,2,245.48,943.61,0.018,47.94
42.42,34.34,429.22,382.01,0,1,1,1,3.75,0.0475,0,264.25,777.28,0.1366,38.38
49.04,91.89,219.79,967.67,2,2,0,1,1.0,0.012,2,232.19,1380.16,0.018,70.47
54.44,44.89,334.72,733.47,2,1,1,1,3.75,0.0475,0,259.99,1055.11,0.1366,49.66
96.94,78.49,477.85,732.29,1,2,0,1,1.0,0.012,2,206.11,1738.5,0.018,87.72
80.36,67.97,71.68,424.05,1,0,1,1,3.75,0.0475,0,225.84,1513.36,0.1366,74.16
48.95,51.19,144.0,431.84,0,2,0,1,1.0,0.012,0,244.85,994.01,0.018,50.07
79.08,47.49,419.98,865.31,2,2,1,1,3.75,0.0475,0,242.94,1208.76,0.1366,63.28
52.51,89.21,147.08,710.03,1,0,1,1,3.75,0.0475,2,213.6,1458.09,0.1366,70.86
22.29,68.65,382.37,384.06,2,2,2,1,1.0,0.0116,0,242.64,991.53,0.0174,45.47
74.19,27.93,450.6,358.67,1,1,0,1,1.0,0.012,0,243.5,1013.06,0.018,51.06
20.04,56.43,170.42,851.93,2,1,1,1,3.75,0.0475,0,259.48,714.98,0.1366,38.23
54.36,46.39,288.92,635.62,0,2,0,1,1.0,0.012,0,249.43,994.36,0.018,50.38
96.71,56.71,354.89,380.68,2,0,1,1,3.75,0.0475,2,230.44,1570.11,0.1366,76.71
56.92,97.84,106.5,115.25,2,0,0,1,1.0,0.012,2,229.35,1577.19,0.018,77.38
20.82,33.9,57.9,363.98,0,2,2,1,1.0,0.0116,0,273.66,624.65,0.0174,27.36
41.33,43.46,50.61,369.82,0,0,0,1,1.0,0.012,0,259.25,850.44,0.018,42.39
86.24,12.12,454.35,804.88,2,1,1,1,3.75,0.0475,2,248.59,1058.09,0.1366,49.18
45.82,37.26,79.56,305.41,0,0,1,1,3.75,0.0475,0,257.43,748.64,0.1366,41.54
77.27,52.64,76.03,962.01,0,0,2,1,1.0,0.0116,0,235.25,1310.64,0.0174,64.95
96.65,16.8,214.56,302.84,2,0,2,1,1.0,0.0116,2,239.52,1118.61,0.0174,56.73
66.02,80.32,310.23,232.27,0,2,1,1,3.75,0.0475,0,231.81,1520.41,0.1366,73.17
44.93,70.67,166.96,410.67,2,0,0,1,1.0,0.012,0,239.86,1179.32,0.018,57.8
52.3,90.11,368.47,155.98,2,0,2,1,1.0,0.0116,2,220.44,1528.58,0.0174,71.2
22.08,96.21,288.35,317.7,2,0,0,1,1.0,0.012,2,261.09,1183.24,0.018,59.14
16.86,34.72,413.13,513.7,2,2,0,1,1.0,0.012,0,252.09,592.47,0.018,25.79
13.95,24.92,250.49,288.27,1,2,0,1,1.0,0.012,1,276.27,418.13,0.018,19.44
96.46,27.72,478.14,995.34,0,0,2,1,1.0,0.0116,2,221.93,1264.91,0.0174,62.09
49.33,63.42,82.89,660.11,0,0,0,1,1.0,0.012,0,247.88,1128.46,0.018,56.38
78.16,24.55,264.61,746.5,2,1,0,1,1.0,0.012,0,255.84,962.44,0.018,51.35
69.99,24.64,304.29,794.46,0,2,2,1,1.0,0.0116,0,249.55,946.26,0.0174,47.31
10.81,42.13,466.79,305.81,1,0,2,1,1.0,0.0116,0,261.03,559.63,0.0174,26.47
38.95,86.32,377.99,185.86,2,1,0,1,1.0,0.012,2,233.0,1249.39,0.018,62.63
53.28,69.62,103.33,360.0,2,1,2,1,1.0,0.0116,0,245.99,1219.94,0.0174,61.45
99.39,14.04,392.45,434.55,2,1,1,1,3.75,0.0475,2,257.48,1104.28,0.1366,56.72
92.66,95.58,309.71,421.41,2,2,1,1,3.75,0.0475,2,199.03,1921.93,0.1366,94.12
60.77,42.27,345.48,316.36,0,1,0,1,1.0,0.012,0,248.62,982.7,0.018,51.52
29.88,13.5,66.21,257.7,2,0,0,1,1.0,0.012,1,274.24,468.12,0.018,21.69
95.54,62.35,246.48,622.08,0,1,2,1,1.0,0.0116,2,237.23,1584.12,0.0174,78.95
35.42,41.77,452.34,951.81,0,0,1,1,3.75,0.0475,0,259.51,817.98,0.1366,38.59
80.23,52.87,273.89,284.21,1,0,2,1,1.0,0.0116,0,220.93,1349.18,0.0174,66.55
39.84,86.95,143.18,164.04,2,0,2,1,1.0,0.0116,2,210.56,1277.85,0.0174,63.4
82.98,85.22,199.49,724.26,0,2,0,1,1.0,0.012,2,222.7,1741.63,0.018,84.1
23.64,88.83,292.59,354.23,2,2,1,1,3.75,0.0475,2,238.72,1120.62,0.1366,56.23
21.51,78.9,50.01,474.91,1,1,1,1,3.75,0.0475,0,243.04,1005.81,0.1366,50.21
97.58,30.35,186.89,373.55,2,0,0,1,1.0,0.012,2,242.83,1221.86,0.018,63.97
76.77,86.36,240.18,372.64,0,1,1,1,3.75,0.0475,2,230.38,1582.24,0.1366,81.56
83.51,26.35,216.92,911.75,2,0,1,1,3.75,0.0475,0,239.09,1169.72,0.1366,54.93
63.16,69.49,85.31,590.05,1,2,0,1,1.0,0.012,0,225.37,1352.63,0.018,66.32
80.26,62.54,478.5,138.18,2,2,1,1,3.75,0.0475,0,235.1,1352.85,0.1366,71.4
36.69,74.3,391.55,192.26,0,2,1,1,3.75,0.0475,0,264.46,1265.4,0.1366,55.49
43.24,93.96,422.38,727.49,0,1,1,1,3.75,0.0475,2,228.19,1461.76,0.1366,68.6
92.89,72.51,378.04,875.52,1,2,0,1,1.0,0.012,2,225.69,1623.14,0.018,82.7
27.57,41.08,201.02,980.67,2,0,1,1,3.75,0.0475,0,270.07,725.45,0.1366,34.33
75.44,60.59,476.19,546.63,0,0,1,1,3.75,0.0475,0,221.07,1340.95,0.1366,68.02
80.76,76.1,222.96,122.67,2,1,0,1,1.0,0.012,0,206.39,1550.75,0.018,78.43
73.44,83.54,295.89,970.33,1,0,2,1,1.0,0.0116,0,221.58,1536.78,0.0174,78.49
74.66,87.64,130.67,820.0,1,0,1,1,3.75,0.0475,2,197.32,1677.86,0.1366,81.15
21.85,87.88,120.77,378.81,2,1,0,1,1.0,0.012,2,252.07,1077.7,0.018,54.86
70.54,81.7,162.71,662.39,2,1,0,1,1.0,0.012,0,236.0,1535.46,0.018,76.12
91.55,11.09,353.31,146.65,0,0,1,1,3.75,0.0475,2,230.92,1046.83,0.1366,51.32
37.61,41.77,329.58,400.64,1,0,0,1,1.0,0.012,0,254.02,870.49,0.018,39.69
16.15,80.54,178.59,489.49,1,1,0,1,1.0,0.012,0,240.49,1028.69,0.018,48.34
15.09,43.65,475.0,677.56,0,0,0,1,1.0,0.012,0,281.8,659.82,0.018,29.37
27.91,47.65,387.92,191.24,0,2,1,1,3.75,0.0475,0,252.58,707.74,0.1366,37.78
48.88,98.23,80.38,566.83,0,0,1,1,3.75,0.0475,2,224.14,1424.89,0.1366,73.56
76.41,73.41,240.23,411.87,1,1,2,1,1.0,0.0116,0,210.12,1465.7,0.0174,74.91
28.48,53.47,170.84,358.72,2,2,0,1,1.0,0.012,0,261.1,822.97,0.018,40.98
64.33,16.93,84.01,956.28,2,1,2,1,1.0,0.0116,0,253.9,799.02,0.0174,40.63
63.91,66.13,341.83,340.66,0,0,1,1,3.75,0.0475,0,243.09,1242.99,0.1366,65.02
73.6,64.9,190.81,343.99,1,0,1,1,3.75,0.0475,0,240.93,1398.57,0.1366,69.25
95.21,19.53,119.67,950.26,0,2,1,1,3.75,0.0475,2,248.14,1164.43,0.1366,57.37
28.24,62.88,365.51,712.1,2,0,1,1,3.75,0.0475,0,252.15,909.03,0.1366,45.56
62.46,32.78,252.61,961.82,0,2,2,1,1.0,0.0116,0,263.62,935.7,0.0174,47.62
26.97,70.52,489.65,191.7,0,1,0,1,1.0,0.012,0,251.02,966.18,0.018,48.74
18.34,77.35,461.55,490.62,1,0,1,1,3.75,0.0475,0,247.79,876.57,0.1366,47.84
75.11,10.81,315.25,651.96,1,2,2,1,1.0,0.0116,0,244.12,893.69,0.0174,42.96
74.26,18.23,139.67,889.72,2,1,1,1,3.75,0.0475,0,245.92,890.37,0.1366,46.25
34.37,32.28,78.14,513.05,1,1,1,1,3.75,0.0475,0,273.5,740.86,0.1366,33.33
70.56,17.3,478.17,854.64,2,0,0,1,1.0,0.012,0,261.07,902.2,0.018,43.93
93.94,58.98,140.13,655.11,1,2,0,1,1.0,0.012,2,232.23,1573.56,0.018,76.46
56.93,16.16,217.0,928.69,2,0,1,1,3.75,0.0475,0,274.18,849.09,0.1366,36.55
34.2,43.16,452.91,699.82,0,0,2,1,1.0,0.0116,0,259.01,846.26,0.0174,38.68
66.72,32.35,367.46,484.84,2,1,0,1,1.0,0.012,0,270.39,952.37,0.018,49.53
94.27,15.76,421.13,363.14,1,2,0,1,1.0,0.012,2,241.11,1098.03,0.018,55.02
37.09,55.24,75.28,541.99,0,0,2,1,1.0,0.0116,0,248.9,995.48,0.0174,46.17
68.97,33.42,121.77,244.42,1,2,0,1,1.0,0.012,0,256.71,1040.9,0.018,51.2
83.27,71.66,99.69,360.27,2,0,1,1,3.75,0.0475,0,211.68,1508.03,0.1366,77.47
56.35,58.2,210.6,418.41,0,1,2,1,1.0,0.0116,0,247.54,1172.86,0.0174,57.28
37.7,92.24,478.77,394.07,0,2,1,1,3.75,0.0475,2,235.89,1188.43,0.1366,64.97
94.7,88.87,96.16,453.46,0,1,2,1,1.0,0.0116,2,209.97,1984.96,0.0174,91.78
27.45,87.29,354.62,854.12,1,1,1,1,3.75,0.0475,2,246.83,1177.74,0.1366,57.37
49.53,64.95,122.16,706.28,2,2,0,1,1.0,0.012,0,248.32,1098.87,0.018,57.24
30.66,20.58,124.38,101.79,1,0,0,1,1.0,0.012,0,284.14,558.32,0.018,25.62
56.34,24.52,87.6,117.22,2,0,0,1,1.0,0.012,0,252.47,745.67,0.018,40.43
19.48,30.01,283.65,646.98,1,1,1,1,3.75,0.0475,0,261.48,466.66,0.1366,24.75
29.76,96.39,327.34,601.19,1,1,1,1,3.75,0.0475,2,221.07,1167.5,0.1366,63.08
58.68,72.68,365.97,254.52,1,2,1,1,3.75,0.0475,0,207.96,1313.77,0.1366,65.68
88.35,66.83,289.63,203.86,0,0,1,1,3.75,0.0475,2,213.16,1564.57,0.1366,77.59
40.35,22.86,361.43,285.63,0,2,1,1,3.75,0.0475,0,276.98,620.37,0.1366,31.61
28.39,55.7,238.67,116.31,0,2,2,1,1.0,0.0116,0,284.16,785.3,0.0174,42.05
66.56,71.98,163.97,108.98,1,2,0,1,1.0,0.012,0,233.54,1473.33,0.018,69.27
85.25,83.92,429.5,536.59,1,2,2,1,1.0,0.0116,2,226.38,1660.42,0.0174,84.59
50.62,26.51,434.74,894.3,2,2,2,1,1.0,0.0116,0,253.43,768.12,0.0174,38.56
44.9,82.32,455.8,283.13,0,2,2,1,1.0,0.0116,0,244.87,1159.86,0.0174,63.61
97.13,15.99,341.74,166.69,1,1,0,1,1.0,0.012,2,255.44,1106.6,0.018,56.56
49.01,99.75,301.58,389.05,1,0,2,1,1.0,0.0116,2,219.27,1428.12,0.0174,74.38
43.53,16.18,216.31,517.81,0,2,2,1,1.0,0.0116,0,279.12,660.84,0.0174,29.86
73.79,10.75,147.95,695.52,0,0,2,1,1.0,0.0116,0,255.72,845.07,0.0174,42.27
82.4,79.55,296.79,159.82,0,0,2,1,1.0,0.0116,0,223.6,1692.29,0.0174,80.97
80.38,77.66,411.35,566.21,1,1,2,1,1.0,0.0116,0,225.08,1537.35,0.0174,79.02
65.84,76.8,126.45,275.48,2,1,0,1,1.0,0.012,0,231.65,1449.56,0.018,71.32
91.74,78.28,318.72,688.72,0,2,2,1,1.0,0.0116,2,216.9,1747.27,0.0174,85.01
66.92,24.08,263.26,744.76,0,0,1,1,3.75,0.0475,0,246.02,877.4,0.1366,45.5
38.24,31.74,146.71,482.37,0,1,0,1,1.0,0.012,0,265.17,744.91,0.018,34.99
26.91,16.93,363.27,444.52,0,1,2,1,1.0,0.0116,1,283.19,489.93,0.0174,21.92
81.66,34.48,361.56,337.66,2,1,0,1,1.0,0.012,0,243.65,1189.06,0.018,58.07
39.21,34.26,135.92,725.18,2,1,2,1,1.0,0.0116,0,267.9,666.34,0.0174,36.73
33.82,69.58,416.72,800.22,2,1,2,1,1.0,0.0116,0,241.33,1063.1,0.0174,51.7
17.95,72.91,215.76,489.11,1,2,0,1,1.0,0.012,0,258.07,830.36,0.018,45.43
13.51,70.02,195.36,908.13,0,0,2,1,1.0,0.0116,0,254.94,871.89,0.0174,41.77
91.09,99.65,421.44,860.38,2,2,1,1,3.75,0.0475,2,209.32,1830.62,0.1366,95.37
16.05,18.54,499.5,393.98,1,0,2,1,1.0,0.0116,1,290.27,376.52,0.0174,17.3
87.22,99.79,158.67,136.32,2,0,2,1,1.0,0.0116,2,196.33,1857.9,0.0174,93.5
12.02,42.44,402.68,609.56,1,1,0,1,1.0,0.012,0,283.59,478.99,0.018,27.23
30.88,11.29,393.96,661.37,1,0,1,1,3.75,0.0475,0,282.78,476.25,0.1366,21.09
60.71,66.22,438.99,628.24,2,0,2,1,1.0,0.0116,0,237.98,1270.5,0.0174,63.47
78.11,49.81,368.33,450.31,0,2,1,1,3.75,0.0475,0,241.04,1209.23,0.1366,63.96
93.54,93.62,203.86,574.91,2,0,2,1,1.0,0.0116,2,212.68,1915.86,0.0174,93.58
63.38,14.8,254.64,707.31,2,0,1,1,3.75,0.0475,0,250.32,855.88,0.1366,39.09
94.75,25.06,275.16,721.8,0,1,1,1,3.75,0.0475,2,250.21,1265.17,0.1366,59.91
34.78,24.06,336.17,639.37,1,1,2,1,1.0,0.0116,0,276.21,544.41,0.0174,29.42
50.97,70.1,426.82,252.76,0,2,0,1,1.0,0.012,0,255.01,1253.4,0.018,60.53
85.43,82.25,482.41,582.34,1,0,0,1,1.0,0.012,2,190.86,1661.97,0.018,83.84
23.83,61.53,174.66,929.18,1,2,1,1,3.75,0.0475,0,274.87,932.25,0.1366,42.68
41.94,14.68,64.28,481.0,1,0,1,1,3.75,0.0475,0,273.64,528.29,0.1366,28.31
89.29,89.46,346.57,290.11,2,0,0,1,1.0,0.012,2,216.92,1747.28,0.018,89.38
35.79,82.24,498.76,127.02,2,1,0,1,1.0,0.012,0,243.52,1221.32,0.018,59.02
97.6,51.85,431.32,156.15,0,0,0,1,1.0,0.012,2,220.11,1484.68,0.018,74.72
97.78,83.53,433.65,944.17,1,0,2,1,1.0,0.0116,2,207.29,1775.77,0.0174,90.66
16.39,28.97,153.21,522.2,2,2,2,1,1.0,0.0116,1,272.41,439.36,0.0174,22.68
25.07,23.25,487.88,783.36,2,2,1,1,3.75,0.0475,1,275.22,507.17,0.1366,24.16
35.05,81.85,196.81,369.45,2,2,0,1,1.0,0.012,0,236.68,1151.4,0.018,58.45
33.08,41.98,353.3,156.31,0,2,1,1,3.75,0.0475,0,268.42,722.73,0.1366,37.53
23.22,40.84,439.1,239.43,2,0,1,1,3.75,0.0475,0,267.66,598.18,0.1366,32.03
37.22,60.71,411.71,223.43,2,1,0,1,1.0,0.012,0,252.87,1113.95,0.018,48.97
22.97,66.16,173.14,539.05,2,1,2,1,1.0,0.0116,0,254.63,849.65,0.0174,44.56
37.58,84.01,75.64,476.75,0,1,1,1,3.75,0.0475,0,256.59,1199.84,0.1366,60.8
61.69,70.05,399.67,875.98,0,0,0,1,1.0,0.012,0,238.07,1221.02,0.018,65.87
85.61,99.05,450.28,434.32,2,1,0,1,1.0,0.012,2,207.18,1776.34,0.018,92.33
76.75,54.33,267.43,854.41,0,0,0,1,1.0,0.012,0,243.97,1292.47,0.018,65.54
46.61,39.54,254.3,786.2,1,2,0,1,1.0,0.012,0,254.49,846.51,0.018,43.08
95.63,25.79,305.48,621.38,0,2,1,1,3.75,0.0475,2,261.48,1206.25,0.1366,60.71
30.68,59.74,217.48,695.5,1,2,0,1,1.0,0.012,0,256.96,849.33,0.018,45.21
26.67,35.08,148.42,264.55,0,2,0,1,1.0,0.012,0,263.64,659.17,0.018,30.88
93.44,97.29,307.07,228.7,2,2,2,1,1.0,0.0116,2,216.81,1881.64,0.0174,95.37
43.07,17.83,300.55,860.61,1,0,2,1,1.0,0.0116,0,264.24,633.19,0.0174,30.45
70.55,29.85,148.19,886.66,0,0,1,1,3.75,0.0475,0,241.41,959.67,0.1366,50.2
10.06,88.36,406.67,664.6,0,1,1,1,3.75,0.0475,2,244.42,1007.12,0.1366,49.21
51.25,41.61,92.2,537.52,1,2,2,1,1.0,0.0116,0,244.2,895.21,0.0174,46.43
31.43,91.76,260.63,519.67,2,0,2,1,1.0,0.0116,2,232.34,1254.78,0.0174,61.59
53.85,48.7,318.61,999.6,2,0,0,1,1.0,0.012,0,243.46,1094.92,0.018,51.28
84.48,25.36,63.71,284.0,1,0,0,1,1.0,0.012,0,246.49,991.87,0.018,54.92
65.36,91.95,279.43,551.15,1,1,0,1,1.0,0.012,2,200.5,1659.33,0.018,78.66
85.53,24.46,61.24,504.13,1,0,1,1,3.75,0.0475,2,239.31,1116.38,0.1366,55.0
64.75,35.29,128.07,441.78,0,1,1,1,3.75,0.0475,0,245.48,1063.26,0.1366,50.02
77.57,21.29,397.75,313.24,1,2,1,1,3.75,0.0475,0,257.43,1081.03,0.1366,49.43
93.62,44.86,79.77,117.24,2,1,2,1,1.0,0.0116,2,231.74,1449.59,0.0174,69.24
79.77,31.1,205.29,127.09,0,0,0,1,1.0,0.012,0,245.48,1121.31,0.018,55.44
93.99,33.89,325.16,710.65,2,1,2,1,1.0,0.0116,2,244.75,1256.02,0.0174,63.94
95.24,89.64,382.58,349.72,1,0,2,1,1.0,0.0116,2,216.32,1922.43,0.0174,92.44
99.11,38.07,202.99,171.05,0,0,0,1,1.0,0.012,2,215.02,1352.18,0.018,68.59
40.9,85.11,470.97,267.16,0,2,1,1,3.75,0.0475,2,243.4,1250.57,0.1366,63.0
15.56,18.31,123.26,635.69,2,2,2,1,1.0,0.0116,1,283.92,189.14,0.0174,16.93
32.2,52.39,347.86,776.06,2,2,0,1,1.0,0.012,0,262.37,921.95,0.018,42.3
91.39,83.57,390.67,150.04,2,0,0,1,1.0,0.012,2,203.03,1836.97,0.018,87.48
46.22,89.61,453.0,918.26,0,1,2,1,1.0,0.0116,2,243.44,1302.99,0.0174,67.91
34.45,27.15,133.08,407.9,0,0,2,1,1.0,0.0116,0,281.43,603.06,0.0174,30.8
20.79,76.14,289.15,359.15,1,1,1,1,3.75,0.0475,0,232.41,965.87,0.1366,48.47
63.65,49.05,123.98,204.92,2,0,1,1,3.75,0.0475,0,252.76,1132.29,0.1366,56.35
40.96,75.97,346.4,938.4,2,0,1,1,3.75,0.0475,0,244.18,1232.92,0.1366,58.47
69.13,90.85,229.78,394.12,2,2,2,1,1.0,0.0116,2,218.78,1604.47,0.0174,79.99
61.92,51.76,103.42,982.51,1,1,1,1,3.75,0.0475,0,258.32,1166.91,0.1366,56.84
12.92,69.28,289.53,192.94,2,1,1,1,3.75,0.0475,0,261.48,759.91,0.1366,41.1
36.67,94.45,418.43,985.21,1,0,0,1,1.0,0.012,2,215.36,1268.18,0.018,65.56
14.53,14.75,361.41,512.14,2,0,0,1,1.0,0.012,1,290.93,226.03,0.018,14.64
32.76,61.99,211.64,841.2,2,1,2,1,1.0,0.0116,0,251.69,1013.79,0.0174,47.38
41.57,42.63,412.57,395.36,2,0,2,1,1.0,0.0116,0,242.71,700.39,0.0174,42.1
85.68,29.91,221.45,827.57,0,1,1,1,3.75,0.0475,2,238.09,1213.6,0.1366,57.8
51.32,37.3,469.65,206.78,0,1,1,1,3.75,0.0475,0,257.59,908.66,0.1366,44.31
57.84,12.94,264.02,466.97,2,2,2,1,1.0,0.0116,0,269.15,658.69,0.0174,35.39
97.4,60.6,371.64,161.61,0,2,0,1,1.0,0.012,2,211.37,1569.67,0.018,79.0
65.15,94.46,347.8,169.12,2,1,2,1,1.0,0.0116,2,227.34,1493.6,0.0174,79.81
46.29,85.03,416.6,650.65,2,0,0,1,1.0,0.012,2,220.62,1277.73,0.018,65.66
19.53,41.94,235.93,708.24,0,0,0,1,1.0,0.012,0,263.71,624.92,0.018,30.73
45.57,26.36,120.57,844.57,1,2,2,1,1.0,0.0116,0,263.1,692.83,0.0174,35.97
25.14,89.14,300.67,308.24,2,0,2,1,1.0,0.0116,2,260.41,1143.72,0.0174,57.14
96.23,29.84,448.78,940.87,2,1,1,1,3.75,0.0475,2,239.22,1295.34,0.1366,63.04
66.68,46.29,388.58,578.16,0,2,0,1,1.0,0.012,0,236.18,1220.6,0.018,56.48
75.83,84.2,115.9,849.64,2,0,1,1,3.75,0.0475,0,231.99,1607.32,0.1366,80.02
48.82,44.11,461.78,326.05,1,0,1,1,3.75,0.0475,0,252.97,990.25,0.1366,46.47
56.27,37.76,307.87,392.69,2,1,1,1,3.75,0.0475,0,252.04,961.28,0.1366,47.02
75.55,41.12,351.99,824.89,0,2,2,1,1.0,0.0116,0,240.37,1195.69,0.0174,58.33
80.5,33.93,495.65,123.19,1,2,0,1,1.0,0.012,0,259.28,1197.83,0.018,57.22
71.92,20.83,472.34,263.06,2,1,1,1,3.75,0.0475,0,240.69,956.12,0.1366,46.38
37.65,59.18,237.74,244.2,0,1,1,1,3.75,0.0475,0,248.58,907.83,0.1366,48.41
78.16,90.82,87.86,453.79,1,2,0,1,1.0,0.012,2,226.0,1772.57,0.018,84.49
24.67,31.04,60.67,851.45,0,2,1,1,3.75,0.0475,0,277.06,539.2,0.1366,27.86
93.38,47.77,72.78,135.45,1,2,2,1,1.0,0.0116,2,210.33,1477.42,0.0174,70.58
12.58,62.49,55.09,808.63,2,1,2,1,1.0,0.0116,0,261.57,748.82,0.0174,37.54
62.95,45.79,488.21,589.78,1,0,2,1,1.0,0.0116,0,255.15,1036.34,0.0174,54.37
34.43,91.38,218.62,594.88,1,0,2,1,1.0,0.0116,2,236.1,1227.96,0.0174,62.91
84.91,82.51,150.94,303.47,2,2,0,1,1.0,0.012,0,215.18,1629.37,0.018,83.71
40.37,88.36,87.59,290.01,1,1,2,1,1.0,0.0116,2,206.57,1268.56,0.0174,64.36
40.1,45.51,288.47,245.23,0,1,1,1,3.75,0.0475,0,270.48,871.76,0.1366,42.8
78.41,23.85,117.16,341.36,0,1,0,1,1.0,0.012,0,237.33,935.01,0.018,51.13
71.17,15.1,65.6,452.72,0,0,2,1,1.0,0.0116,0,247.41,893.11,0.0174,43.13
67.74,33.38,448.74,906.12,0,0,1,1,3.75,0.0475,0,239.42,973.58,0.1366,50.56
47.02,31.65,352.57,843.46,2,0,0,1,1.0,0.012,0,270.45,812.81,0.018,39.34
45.73,24.07,382.08,424.43,2,0,0,1,1.0,0.012,0,253.13,742.68,0.018,34.9
17.31,99.33,120.29,989.58,1,0,0,1,1.0,0.012,2,250.61,1257.88,0.018,58.32
87.95,36.05,260.46,657.45,2,0,1,1,3.75,0.0475,2,222.65,1146.0,0.1366,62.0
39.73,60.78,432.76,281.38,0,2,2,1,1.0,0.0116,0,251.6,1026.37,0.0174,50.25
84.09,60.06,400.78,114.58,2,2,0,1,1.0,0.012,0,218.4,1407.65,0.018,72.08
78.88,32.77,439.5,192.56,2,2,0,1,1.0,0.012,0,253.18,1139.06,0.018,55.83
39.19,70.88,317.41,642.84,0,2,0,1,1.0,0.012,0,252.32,1189.79,0.018,55.03
48.62,34.83,395.86,303.65,0,2,1,1,3.75,0.0475,0,247.77,872.37,0.1366,41.72
66.28,77.24,148.42,153.95,2,1,2,1,1.0,0.0116,0,231.08,1385.81,0.0174,71.76
86.45,14.05,380.37,407.19,2,2,2,1,1.0,0.0116,2,257.54,1003.05,0.0174,50.25
39.88,51.88,56.16,173.44,1,1,0,1,1.0,0.012,0,243.41,1013.17,0.018,45.88
59.33,25.72,183.17,697.44,1,0,1,1,3.75,0.0475,0,259.32,897.4,0.1366,42.52
60.75,55.03,81.23,180.89,2,0,0,1,1.0,0.012,0,225.42,1210.74,0.018,57.89
92.55,46.59,114.48,743.25,1,1,1,1,3.75,0.0475,2,232.72,1298.5,0.1366,69.57
72.8,91.02,406.49,708.72,1,0,2,1,1.0,0.0116,2,221.77,1645.6,0.0174,81.91
36.62,10.1,172.38,296.1,2,0,1,1,3.75,0.0475,0,288.51,539.02,0.1366,23.36
63.41,11.46,377.95,391.18,1,1,2,1,1.0,0.0116,0,269.22,845.76,0.0174,37.44
40.85,22.11,92.49,848.37,2,1,1,1,3.75,0.0475,0,270.83,661.92,0.1366,31.48
19.31,46.18,378.02,801.84,1,1,0,1,1.0,0.012,0,258.09,722.67,0.018,32.74
32.9,11.16,293.13,866.04,1,1,2,1,1.0,0.0116,0,278.77,468.3,0.0174,22.03
56.3,17.66,296.99,441.98,0,0,1,1,3.75,0.0475,0,247.41,814.77,0.1366,36.98
31.63,18.55,191.71,186.98,2,0,0,1,1.0,0.012,0,289.1,377.41,0.018,25.09
88.63,99.6,312.22,831.23,1,1,1,1,3.75,0.0475,2,193.81,1828.53,0.1366,94.11
46.24,70.53,356.99,383.72,2,2,1,1,3.75,0.0475,0,245.0,1120.8,0.1366,58.39
21.55,62.06,362.04,730.55,2,2,0,1,1.0,0.012,0,263.52,854.18,0.018,41.8
55.0,75.72,328.63,267.98,1,1,0,1,1.0,0.012,0,255.5,1256.46,0.018,65.36
86.5,27.66,106.5,967.13,1,2,2,1,1.0,0.0116,2,242.38,1092.48,0.0174,57.08
62.7,58.72,88.71,151.32,2,1,0,1,1.0,0.012,0,241.25,1169.0,0.018,60.71
58.99,31.04,337.0,838.06,1,2,1,1,3.75,0.0475,0,254.96,870.84,0.1366,45.02
72.04,32.71,188.5,652.27,2,0,0,1,1.0,0.012,0,263.52,1076.2,0.018,52.38
42.83,67.69,259.78,270.94,1,1,1,1,3.75,0.0475,0,249.77,1195.02,0.1366,55.26
42.28,92.02,59.42,384.2,0,0,0,1,1.0,0.012,2,222.59,1404.5,0.018,67.15
70.81,45.63,390.31,508.77,0,2,1,1,3.75,0.0475,0,248.57,1157.55,0.1366,58.22
32.58,20.84,313.04,972.39,1,0,0,1,1.0,0.012,0,267.35,525.92,0.018,26.71
40.54,55.53,122.87,692.29,2,1,0,1,1.0,0.012,0,240.43,876.33,0.018,48.03
20.36,89.49,236.67,448.55,1,1,1,1,3.75,0.0475,2,237.98,1196.16,0.1366,54.92
68.34,15.53,416.18,946.45,1,2,0,1,1.0,0.012,0,262.07,845.25,0.018,41.94
23.63,52.97,320.81,623.56,2,1,0,1,1.0,0.012,0,244.87,714.8,0.018,38.3
21.41,45.26,123.2,760.93,1,0,0,1,1.0,0.012,0,288.32,726.23,0.018,33.34
88.47,61.93,205.47,822.71,1,1,0,1,1.0,0.012,2,216.64,1507.91,0.018,75.2
60.93,91.72,228.34,366.69,1,2,0,1,1.0,0.012,2,222.94,1522.72,0.018,76.33
48.95,63.61,86.28,945.61,2,1,1,1,3.75,0.0475,0,248.78,1200.06,0.1366,56.28
84.56,17.22,264.58,667.08,2,1,2,1,1.0,0.0116,0,254.02,1046.29,0.0174,50.89
34.94,94.68,105.96,887.62,2,2,2,1,1.0,0.0116,2,239.55,1169.59,0.0174,64.81
62.26,94.23,352.51,533.15,0,1,2,1,1.0,0.0116,2,215.01,1544.75,0.0174,78.25
49.59,67.96,221.43,149.11,0,2,2,1,1.0,0.0116,0,249.63,1185.89,0.0174,58.77
44.49,29.47,249.16,143.53,1,0,0,1,1.0,0.012,0,267.28,760.51,0.018,36.98
62.92,41.78,409.9,599.22,1,1,0,1,1.0,0.012,0,252.09,1102.07,0.018,52.35
80.6,63.87,236.36,962.15,2,0,2,1,1.0,0.0116,0,250.49,1489.15,0.0174,72.23
29.84,66.31,307.22,266.35,1,2,2,1,1.0,0.0116,0,253.38,930.79,0.0174,48.08
78.73,57.11,152.05,699.87,0,1,0,1,1.0,0.012,0,230.96,1318.15,0.018,67.92
24.7,26.6,141.03,448.04,1,1,0,1,1.0,0.012,1,273.07,484.97,0.018,25.65
56.05,53.5,222.25,855.23,2,1,1,1,3.75,0.0475,0,245.41,1036.92,0.1366,54.77
15.58,16.4,308.24,609.42,2,0,0,1,1.0,0.012,1,285.58,370.98,0.018,15.99
96.38,14.38,94.1,139.66,0,2,0,1,1.0,0.012,2,246.37,1040.76,0.018,55.38
68.1,14.1,475.69,857.95,2,0,1,1,3.75,0.0475,0,254.35,811.07,0.1366,41.1
25.29,21.42,105.48,566.71,0,0,2,1,1.0,0.0116,1,269.47,402.87,0.0174,23.36
99.06,71.59,477.04,228.3,2,2,2,1,1.0,0.0116,2,224.45,1601.22,0.0174,85.33
16.91,10.38,351.7,677.64,2,0,0,1,1.0,0.012,1,283.33,142.74,0.018,13.64
47.39,12.16,200.92,259.37,2,2,1,1,3.75,0.0475,0,285.53,628.75,0.1366,29.77
38.38,45.38,156.62,187.27,2,0,0,1,1.0,0.012,0,263.08,810.83,0.018,41.88
70.98,59.22,263.79,930.19,2,1,2,1,1.0,0.0116,0,233.07,1284.17,0.0174,65.1
41.49,80.42,496.63,316.6,1,1,1,1,3.75,0.0475,0,239.5,1221.66,0.1366,60.95
30.22,45.94,234.35,980.4,0,0,1,1,3.75,0.0475,0,266.92,734.92,0.1366,38.08
40.08,75.78,239.0,620.52,2,0,2,1,1.0,0.0116,0,246.42,1182.37,0.0174,57.93
87.98,15.37,361.42,225.99,1,0,2,1,1.0,0.0116,2,261.12,922.66,0.0174,51.68
46.25,56.77,498.44,221.7,2,1,2,1,1.0,0.0116,0,238.83,1111.66,0.0174,51.51
21.97,24.29,477.17,891.64,2,2,0,1,1.0,0.012,1,271.05,403.91,0.018,23.13
70.23,53.54,238.28,422.03,0,2,2,1,1.0,0.0116,0,253.09,1330.59,0.0174,61.89
24.53,52.46,299.06,613.26,0,2,1,1,3.75,0.0475,0,268.29,729.28,0.1366,38.5
12.27,41.93,401.1,607.5,0,2,2,1,1.0,0.0116,0,281.69,488.13,0.0174,27.1
61.07,81.66,380.76,649.1,2,0,1,1,3.75,0.0475,0,217.52,1425.51,0.1366,71.36
33.52,47.72,319.68,562.34,0,2,2,1,1.0,0.0116,0,240.98,810.79,0.0174,40.62
76.11,12.16,313.17,947.33,2,1,2,1,1.0,0.0116,0,254.73,817.74,0.0174,44.13
18.23,66.31,297.74,466.63,2,1,0,1,1.0,0.012,0,267.31,847.98,0.018,42.27
27.67,12.03,437.75,619.41,1,2,2,1,1.0,0.0116,1,282.39,442.2,0.0174,19.85
82.91,48.67,387.44,921.74,0,1,1,1,3.75,0.0475,0,221.51,1330.15,0.1366,65.79
34.19,27.88,161.09,375.77,2,0,2,1,1.0,0.0116,0,290.21,687.27,0.0174,31.03
48.38,65.39,86.71,179.01,1,2,1,1,3.75,0.0475,0,243.83,1073.02,0.1366,56.89
29.26,35.5,230.14,830.68,1,1,2,1,1.0,0.0116,0,278.3,677.81,0.0174,32.38
93.95,11.81,119.2,897.55,0,2,2,1,1.0,0.0116,2,270.16,983.63,0.0174,52.88
69.67,71.12,469.28,997.25,0,0,0,1,1.0,0.012,0,219.87,1458.26,0.018,70.4
89.18,14.43,153.99,907.65,1,0,1,1,3.75,0.0475,2,239.96,1000.14,0.1366,51.81
22.43,87.32,275.03,707.4,0,2,2,1,1.0,0.0116,2,252.95,1057.96,0.0174,54.88
78.4,38.13,234.81,288.72,2,1,2,1,1.0,0.0116,0,242.08,1170.87,0.0174,58.27
94.11,37.3,401.85,789.27,0,2,0,1,1.0,0.012,2,224.44,1299.89,0.018,65.7
70.45,75.64,308.78,286.14,1,2,2,1,1.0,0.0116,0,207.17,1463.25,0.0174,73.05
48.47,68.07,385.35,309.0,0,2,0,1,1.0,0.012,0,226.3,1133.76,0.018,58.27
27.88,80.5,459.16,433.21,1,1,0,1,1.0,0.012,0,250.03,1097.14,0.018,54.19
86.15,26.45,480.33,439.01,1,0,2,1,1.0,0.0116,2,238.73,1116.87,0.0174,56.3
53.76,19.81,161.84,385.25,1,1,1,1,3.75,0.0475,0,265.8,746.34,0.1366,36.78
37.22,87.28,435.75,788.19,2,1,0,1,1.0,0.012,2,242.2,1203.72,0.018,62.25
95.05,71.43,199.23,550.52,2,1,0,1,1.0,0.012,2,218.36,1775.43,0.018,83.24
20.8,38.09,411.08,875.28,2,1,0,1,1.0,0.012,0,282.48,526.01,0.018,29.45
77.66,83.08,475.59,381.63,1,1,0,1,1.0,0.012,0,229.92,1651.02,0.018,80.37
71.0,32.71,442.87,251.97,2,1,0,1,1.0,0.012,0,248.88,1029.59,0.018,51.86
52.79,86.42,222.53,251.45,1,0,0,1,1.0,0.012,2,232.18,1453.56,0.018,69.61
27.03,74.83,280.0,643.88,1,1,1,1,3.75,0.0475,0,261.82,1011.01,0.1366,50.93
84.66,73.84,97.43,854.97,2,1,0,1,1.0,0.012,0,232.93,1637.87,0.018,79.25
42.67,89.14,376.42,201.33,2,2,1,1,3.75,0.0475,2,243.43,1306.96,0.1366,65.91
14.25,96.53,355.62,668.24,1,1,1,1,3.75,0.0475,2,235.45,1065.95,0.1366,55.39
94.79,36.84,398.98,453.81,0,2,2,1,1.0,0.0116,2,238.43,1318.27,0.0174,65.81
43.22,42.15,204.84,568.49,1,0,0,1,1.0,0.012,0,267.44,845.79,0.018,42.69
55.5,55.7,112.27,984.47,0,0,0,1,1.0,0.012,0,242.59,1106.68,0.018,55.6
69.68,63.58,236.82,479.97,2,1,2,1,1.0,0.0116,0,227.15,1361.74,0.0174,66.63
83.82,68.39,238.54,512.23,2,0,1,1,3.75,0.0475,0,232.48,1480.69,0.1366,76.1
56.16,38.88,318.22,996.16,1,1,0,1,1.0,0.012,0,260.41,944.3,0.018,47.52
41.05,14.93,141.91,476.83,2,0,1,1,3.75,0.0475,0,264.86,585.86,0.1366,27.99
20.83,16.08,375.81,935.93,1,1,2,1,1.0,0.0116,1,271.59,360.02,0.0174,18.45
56.12,41.39,218.67,659.2,0,0,1,1,3.75,0.0475,0,245.39,991.56,0.1366,48.75
13.2,99.49,154.73,148.45,0,2,2,1,1.0,0.0116,2,256.18,1104.49,0.0174,56.34
40.71,49.98,354.01,558.0,0,1,2,1,1.0,0.0116,0,257.43,905.79,0.0174,45.34
53.49,98.82,389.56,323.74,2,2,0,1,1.0,0.012,2,226.1,1523.98,0.018,76.16
87.18,18.76,367.87,411.02,2,0,1,1,3.75,0.0475,2,253.68,1031.75,0.1366,52.97
40.36,84.48,50.27,377.04,2,1,0,1,1.0,0.012,0,229.76,1210.41,0.018,62.42
16.14,26.84,300.0,362.22,0,2,1,1,3.75,0.0475,1,260.2,368.38,0.1366,21.49
88.83,91.48,271.83,397.14,0,0,1,1,3.75,0.0475,2,208.34,1786.77,0.1366,90.16
36.83,38.84,123.93,804.85,2,1,1,1,3.75,0.0475,0,265.33,712.44,0.1366,37.84
21.15,16.35,459.24,271.12,2,2,0,1,1.0,0.012,1,283.06,440.16,0.018,18.75
17.01,95.99,161.13,873.68,2,2,1,1,3.75,0.0475,2,246.07,1117.97,0.1366,56.5
11.19,56.06,396.25,941.32,0,2,0,1,1.0,0.012,0,264.73,683.1,0.018,33.62
35.58,36.01,219.67,453.99,2,2,0,1,1.0,0.012,0,252.03,723.87,0.018,35.8
72.21,25.08,189.64,553.01,2,1,0,1,1.0,0.012,0,257.9,1013.44,0.018,48.64
68.1,24.02,296.17,178.7,2,1,1,1,3.75,0.0475,0,241.3,831.54,0.1366,46.06
13.58,34.66,480.04,958.27,1,1,0,1,1.0,0.012,0,272.05,476.21,0.018,24.12
26.12,45.3,476.5,227.08,2,2,2,1,1.0,0.0116,0,260.29,727.66,0.0174,35.71
98.31,44.35,398.86,408.33,0,2,0,1,1.0,0.012,2,216.91,1450.98,0.018,71.33
23.14,94.43,462.94,898.72,2,2,1,1,3.75,0.0475,2,253.03,1199.75,0.1366,58.79
16.21,40.13,191.17,672.08,1,0,1,1,3.75,0.0475,0,262.13,543.52,0.1366,28.17
63.68,83.29,221.96,219.04,0,0,1,1,3.75,0.0475,0,220.37,1434.21,0.1366,73.48
36.99,67.85,320.43,726.47,2,2,2,1,1.0,0.0116,0,258.49,1025.25,0.0174,52.42
28.37,52.21,410.42,262.14,1,2,0,1,1.0,0.012,0,272.67,750.44,0.018,40.29
12.28,72.1,192.25,150.17,2,2,0,1,1.0,0.012,0,243.85,873.37,0.018,42.19
44.81,17.25,116.22,368.18,0,1,0,1,1.0,0.012,0,268.9,609.82,0.018,31.03
21.09,37.69,466.73,245.53,1,2,1,1,3.75,0.0475,0,273.81,670.48,0.1366,29.39
89.6,59.86,290.55,275.91,1,0,0,1,1.0,0.012,2,214.3,1420.75,0.018,74.73
78.38,40.49,478.43,764.13,0,1,2,1,1.0,0.0116,0,250.07,1200.85,0.0174,59.44
14.46,33.14,259.27,304.28,1,0,1,1,3.75,0.0475,0,279.22,484.78,0.1366,23.8
48.14,40.79,482.7,500.37,0,1,2,1,1.0,0.0116,0,233.57,881.19,0.0174,44.47
91.86,61.21,392.98,830.63,0,0,1,1,3.75,0.0475,2,215.47,1435.3,0.1366,76.53
86.36,42.69,407.27,946.89,2,2,0,1,1.0,0.012,2,249.41,1326.03,0.018,64.53
82.46,86.05,227.77,146.14,0,0,2,1,1.0,0.0116,2,232.44,1637.97,0.0174,84.25
50.53,77.41,210.64,671.27,1,2,1,1,3.75,0.0475,0,241.89,1242.56,0.1366,63.97
59.11,28.37,181.36,773.75,2,2,2,1,1.0,0.0116,0,241.27,870.21,0.0174,43.74
97.05,74.36,480.71,484.39,1,1,0,1,1.0,0.012,2,223.79,1711.13,0.018,85.7
57.25,73.66,163.48,502.05,2,2,1,1,3.75,0.0475,0,231.92,1292.28,0.1366,65.45
10.08,13.53,489.78,318.12,1,2,2,1,1.0,0.0116,1,297.8,259.22,0.0174,11.8
59.56,23.78,377.65,640.23,0,1,0,1,1.0,0.012,0,267.21,871.44,0.018,41.67
97.79,61.62,203.74,683.62,0,2,0,1,1.0,0.012,2,216.8,1555.47,0.018,79.7
83.42,63.76,227.14,526.09,2,0,2,1,1.0,0.0116,0,222.29,1517.47,0.0174,73.59
88.27,17.93,399.56,862.79,2,2,0,1,1.0,0.012,2,244.1,998.05,0.018,53.1
24.89,73.59,290.91,671.79,2,1,0,1,1.0,0.012,0,244.95,954.23,0.018,49.24
13.73,38.99,301.89,872.14,2,0,1,1,3.75,0.0475,0,266.32,621.72,0.1366,26.36
95.78,74.73,468.57,574.83,0,1,2,1,1.0,0.0116,2,208.66,1723.26,0.0174,85.25
37.25,57.92,303.99,640.52,0,2,2,1,1.0,0.0116,0,248.44,896.59,0.0174,47.59
65.55,97.28,377.43,930.34,1,2,2,1,1.0,0.0116,2,223.65,1700.67,0.0174,81.41
27.28,70.0,330.52,642.22,1,2,0,1,1.0,0.012,0,282.88,916.63,0.018,48.64
40.1,56.74,138.9,824.66,2,0,2,1,1.0,0.0116,0,270.81,929.67,0.0174,48.42
49.39,34.91,301.18,412.3,1,0,1,1,3.75,0.0475,0,237.2,844.42,0.1366,42.15
76.34,13.3,263.65,402.69,2,1,0,1,1.0,0.012,0,271.61,914.43,0.018,44.82
53.65,17.69,487.61,566.21,1,0,0,1,1.0,0.012,0,250.66,743.03,0.018,35.67
53.51,48.62,83.7,195.54,0,2,0,1,1.0,0.012,0,244.05,1052.97,0.018,51.06
27.55,55.44,395.94,155.75,0,1,2,1,1.0,0.0116,0,248.66,839.83,0.0174,41.49
13.28,14.75,425.37,206.18,0,1,1,1,3.75,0.0475,1,285.19,251.34,0.1366,14.02
85.96,33.62,239.77,135.93,0,2,0,1,1.0,0.012,2,261.91,1124.62,0.018,59.79
61.38,39.92,191.99,195.96,1,2,1,1,3.75,0.0475,0,241.54,1000.01,0.1366,50.65
78.99,96.96,486.53,878.56,1,1,0,1,1.0,0.012,2,228.01,1799.61,0.018,87.97
35.67,66.77,255.04,533.82,0,1,1,1,3.75,0.0475,0,240.69,1072.24,0.1366,51.22
38.62,93.22,75.3,537.07,2,0,0,1,1.0,0.012,2,236.13,1356.69,0.018,65.92
59.18,32.48,204.47,866.84,2,0,1,1,3.75,0.0475,0,261.18,1057.33,0.1366,45.83
18.96,11.44,483.66,439.29,2,0,2,1,1.0,0.0116,1,277.42,313.06,0.0174,15.2
71.48,93.93,309.05,213.5,0,2,0,1,1.0,0.012,2,231.92,1676.53,0.018,82.71
46.58,89.19,341.91,909.32,0,2,1,1,3.75,0.0475,2,222.61,1373.63,0.1366,67.88
37.87,28.16,458.97,784.36,1,0,1,1,3.75,0.0475,0,255.09,713.0,0.1366,33.02
26.56,78.08,263.37,303.21,0,0,0,1,1.0,0.012,0,243.22,1052.06,0.018,52.32
39.36,52.17,116.58,986.19,1,1,2,1,1.0,0.0116,0,250.35,900.02,0.0174,45.77
28.32,79.22,241.48,608.87,2,0,2,1,1.0,0.0116,0,259.34,1064.18,0.0174,53.77
89.67,17.8,292.26,921.91,0,0,2,1,1.0,0.0116,2,257.66,1055.33,0.0174,53.73
22.03,94.19,388.14,947.2,2,1,2,1,1.0,0.0116,2,230.9,1233.23,0.0174,58.11
94.44,34.8,199.48,730.73,2,0,2,1,1.0,0.0116,2,241.33,1262.91,0.0174,64.62
76.47,15.74,224.25,354.49,2,0,1,1,3.75,0.0475,0,267.41,966.41,0.1366,46.1
97.9,43.95,410.83,491.08,0,2,2,1,1.0,0.0116,2,227.07,1430.09,0.0174,70.93
95.29,29.69,196.8,780.57,1,0,1,1,3.75,0.0475,2,253.1,1173.28,0.1366,62.49
50.01,76.81,152.75,152.61,0,0,1,1,3.75,0.0475,0,234.16,1173.7,0.1366,63.41
25.12,41.93,229.99,151.65,1,0,2,1,1.0,0.0116,0,276.05,680.88,0.0174,33.52
23.66,63.8,349.13,477.4,1,0,2,1,1.0,0.0116,0,248.92,957.41,0.0174,43.73
55.42,10.66,361.27,695.21,1,0,2,1,1.0,0.0116,0,265.85,641.39,0.0174,33.04
98.11,47.87,275.88,918.94,0,0,0,1,1.0,0.012,2,233.2,1541.72,0.018,72.99
81.8,87.79,255.6,527.6,1,0,1,1,3.75,0.0475,2,219.09,1691.16,0.1366,84.8
72.74,17.49,438.33,532.5,1,1,2,1,1.0,0.0116,0,255.75,864.95,0.0174,45.11
47.54,89.0,141.8,843.82,0,1,0,1,1.0,0.012,2,225.23,1369.61,0.018,68.27
97.47,56.14,180.89,522.47,1,2,0,1,1.0,0.012,2,218.87,1575.79,0.018,76.81
27.34,21.62,184.04,802.04,0,0,1,1,3.75,0.0475,1,260.09,481.57,0.1366,24.48
24.96,39.95,472.97,408.72,1,0,2,1,1.0,0.0116,0,267.45,664.45,0.0174,32.45
26.12,90.2,257.16,738.7,2,0,0,1,1.0,0.012,2,244.62,1137.74,0.018,58.16
35.36,26.59,67.71,119.66,2,0,1,1,3.75,0.0475,0,264.24,637.47,0.1366,30.98
52.09,64.53,242.76,124.4,2,1,0,1,1.0,0.012,0,245.65,1179.38,0.018,58.31
48.96,58.2,264.64,450.29,2,2,1,1,3.75,0.0475,0,257.39,993.32,0.1366,53.58
93.42,96.59,279.03,507.54,0,0,2,1,1.0,0.0116,2,207.43,1845.59,0.0174,95.0
35.43,35.11,232.24,998.91,0,2,1,1,3.75,0.0475,0,265.84,674.08,0.1366,35.27
17.43,23.91,247.8,559.41,2,2,2,1,1.0,0.0116,1,270.76,357.1,0.0174,20.67
17.83,37.29,484.95,950.24,2,0,2,1,1.0,0.0116,0,280.42,458.23,0.0174,27.56
91.86,10.56,414.81,953.53,2,0,1,1,3.75,0.0475,2,249.24,1052.12,0.1366,51.21
11.28,33.19,252.47,723.62,1,2,1,1,3.75,0.0475,0,281.01,354.51,0.1366,22.23
58.0,46.51,126.12,979.71,0,2,0,1,1.0,0.012,0,247.69,1104.03,0.018,52.25
64.29,30.45,294.7,725.47,1,1,1,1,3.75,0.0475,0,255.4,947.83,0.1366,47.37
65.02,43.39,397.47,253.42,0,2,2,1,1.0,0.0116,0,230.16,1025.13,0.0174,54.2
48.86,80.36,267.88,814.61,2,2,2,1,1.0,0.0116,0,216.97,1336.8,0.0174,64.61
82.9,31.45,150.97,554.05,0,1,2,1,1.0,0.0116,0,244.47,1253.31,0.0174,57.18
50.1,97.03,307.04,877.09,2,2,0,1,1.0,0.012,2,228.53,1416.72,0.018,73.56
88.12,62.48,373.11,434.84,2,1,2,1,1.0,0.0116,2,223.78,1461.61,0.0174,75.3
45.5,88.04,159.8,970.06,2,0,0,1,1.0,0.012,2,240.83,1320.81,0.018,66.77
97.0,49.91,194.45,573.48,2,1,2,1,1.0,0.0116,2,215.33,1515.57,0.0174,73.45
76.28,14.65,72.18,447.66,2,0,1,1,3.75,0.0475,0,240.95,855.31,0.1366,45.47
54.19,38.87,136.52,378.52,2,2,1,1,3.75,0.0475,0,252.79,948.8,0.1366,46.53
50.02,61.89,492.5,317.44,0,1,1,1,3.75,0.0475,0,255.64,1167.76,0.1366,55.95
64.66,17.97,354.59,157.69,1,2,2,1,1.0,0.0116,0,273.78,856.58,0.0174,41.31
28.99,85.75,63.66,859.43,0,0,1,1,3.75,0.0475,2,227.79,1136.98,0.1366,57.37
22.04,95.8,82.7,279.18,0,1,1,1,3.75,0.0475,2,253.15,1102.04,0.1366,58.92
59.03,21.31,180.38,314.88,2,0,0,1,1.0,0.012,0,255.59,735.12,0.018,40.17
73.36,29.57,215.01,451.83,1,2,1,1,3.75,0.0475,0,242.23,1065.9,0.1366,51.47
16.12,38.52,170.06,555.33,1,1,2,1,1.0,0.0116,0,277.63,565.57,0.0174,27.32
86.04,42.37,359.26,381.55,2,1,1,1,3.75,0.0475,2,237.34,1267.27,0.1366,64.2
10.88,46.83,198.22,724.04,1,2,1,1,3.75,0.0475,0,263.52,628.92,0.1366,28.86
83.05,36.45,250.85,754.32,2,1,1,1,3.75,0.0475,0,247.06,1137.32,0.1366,59.75
64.87,92.36,120.36,776.62,0,0,0,1,1.0,0.012,2,204.77,1597.46,0.018,78.62
52.7,40.04,310.69,900.1,0,2,0,1,1.0,0.012,0,273.11,978.66,0.018,46.37
56.69,14.6,154.79,542.8,2,1,1,1,3.75,0.0475,0,254.95,684.86,0.1366,35.64
55.37,39.05,166.15,517.59,1,2,0,1,1.0,0.012,0,256.83,979.99,0.018,47.21
19.56,79.83,413.58,790.99,2,0,0,1,1.0,0.012,0,253.38,952.67,0.018,49.7
85.09,61.96,340.88,512.53,1,1,2,1,1.0,0.0116,2,221.22,1472.12,0.0174,73.53
67.51,17.33,245.76,363.39,0,2,1,1,3.75,0.0475,0,246.66,855.17,0.1366,42.42
72.25,81.55,123.51,193.88,2,0,1,1,3.75,0.0475,0,199.38,1640.1,0.1366,76.9
19.6,68.46,440.6,845.37,0,1,0,1,1.0,0.012,0,249.3,890.5,0.018,44.03
20.12,14.44,165.87,222.1,1,2,0,1,1.0,0.012,1,275.86,273.97,0.018,17.28
94.87,64.93,425.74,739.32,0,1,2,1,1.0,0.0116,2,223.34,1571.36,0.0174,79.9
34.76,67.52,203.43,997.91,0,0,1,1,3.75,0.0475,0,239.85,974.59,0.1366,51.14
93.76,12.22,363.51,752.79,2,0,1,1,3.75,0.0475,2,251.88,1113.4,0.1366,52.99
68.26,21.55,342.58,984.23,0,0,0,1,1.0,0.012,0,253.84,940.44,0.018,44.91
13.6,42.61,421.88,731.35,0,2,0,1,1.0,0.012,0,265.21,559.05,0.018,28.11
48.42,52.21,467.85,676.98,2,1,1,1,3.75,0.0475,0,252.31,908.82,0.1366,50.31
15.94,97.53,212.03,530.08,1,0,1,1,3.75,0.0475,2,256.96,1080.4,0.1366,56.73
69.6,74.38,170.66,384.1,1,2,0,1,1.0,0.012,0,231.51,1397.58,0.018,71.99
13.58,63.79,441.36,901.75,1,0,1,1,3.75,0.0475,0,243.5,662.18,0.1366,38.69
16.93,70.37,419.57,320.19,1,0,1,1,3.75,0.0475,0,268.08,859.37,0.1366,43.65
88.94,31.89,297.76,273.24,2,1,1,1,3.75,0.0475,2,245.1,1242.31,0.1366,60.41
14.39,85.94,247.12,408.16,2,0,2,1,1.0,0.0116,2,241.05,1008.29,0.0174,50.16
78.1,62.42,133.97,269.41,2,0,1,1,3.75,0.0475,0,241.24,1420.03,0.1366,70.26
11.57,14.41,307.75,837.55,1,0,0,1,1.0,0.012,1,275.44,193.14,0.018,12.99
63.67,34.68,61.97,761.71,0,0,1,1,3.75,0.0475,0,262.71,1075.97,0.1366,49.17
76.75,70.77,142.65,417.23,2,0,0,1,1.0,0.012,0,234.74,1496.08,0.018,73.76
96.65,66.55,132.85,195.09,1,1,0,1,1.0,0.012,2,221.63,1696.19,0.018,81.6
65.65,80.33,366.47,851.01,0,0,1,1,3.75,0.0475,0,222.4,1497.63,0.1366,72.99
67.64,38.27,481.09,130.08,0,0,0,1,1.0,0.012,0,235.1,1073.39,0.018,52.95
74.1,25.83,155.92,544.93,1,0,1,1,3.75,0.0475,0,254.24,970.4,0.1366,49.96
55.06,92.06,115.98,681.34,0,0,2,1,1.0,0.0116,2,220.55,1448.27,0.0174,73.56
71.51,63.43,389.67,378.52,0,0,0,1,1.0,0.012,0,210.83,1289.69,0.018,67.47
98.57,36.3,182.67,419.09,0,1,2,1,1.0,0.0116,2,216.73,1369.35,0.0174,67.44
92.38,33.91,453.12,193.13,2,2,1,1,3.75,0.0475,2,243.76,1276.18,0.1366,63.14
25.19,97.15,253.8,951.14,0,2,0,1,1.0,0.012,2,226.96,1276.29,0.018,61.17
26.95,37.34,91.86,229.48,0,2,0,1,1.0,0.012,0,266.08,597.26,0.018,32.15
81.6,22.72,108.64,679.09,1,2,0,1,1.0,0.012,0,242.96,1096.92,0.018,52.16
69.02,58.35,354.71,714.4,1,1,0,1,1.0,0.012,0,222.44,1311.89,0.018,63.69
13.51,51.0,450.94,612.55,0,0,2,1,1.0,0.0116,0,272.75,601.18,0.0174,32.26
70.69,98.2,493.52,718.01,1,2,0,1,1.0,0.012,2,222.98,1657.02,0.018,84.44
19.63,80.26,459.59,444.55,2,0,1,1,3.75,0.0475,0,239.65,1096.16,0.1366,49.95
49.4,37.93,392.96,942.56,2,1,1,1,3.75,0.0475,0,260.04,902.52,0.1366,43.66
32.76,16.06,170.6,920.99,1,2,0,1,1.0,0.012,0,289.52,530.17,0.018,24.41
33.14,74.74,62.65,437.79,2,0,0,1,1.0,0.012,0,236.0,1096.81,0.018,53.94
84.07,31.15,343.53,464.68,1,0,0,1,1.0,0.012,0,233.43,1163.17,0.018,57.61
11.52,91.86,171.33,837.71,2,0,1,1,3.75,0.0475,2,256.83,972.34,0.1366,51.69
96.89,92.42,276.29,815.6,0,1,1,1,3.75,0.0475,2,199.38,1878.14,0.1366,94.66
34.45,83.44,220.24,179.56,1,2,2,1,1.0,0.0116,0,229.29,1269.93,0.0174,58.95
24.99,98.76,419.38,353.33,2,2,0,1,1.0,0.012,2,240.22,1188.27,0.018,61.88
93.59,54.71,429.33,501.3,0,0,0,1,1.0,0.012,2,236.07,1528.95,0.018,74.15
25.66,42.51,336.79,163.63,2,2,1,1,3.75,0.0475,0,271.37,573.12,0.1366,34.09
99.66,52.71,417.23,488.86,2,0,0,1,1.0,0.012,2,228.03,1589.21,0.018,76.19
89.79,46.98,321.94,667.02,2,2,2,1,1.0,0.0116,2,220.69,1355.02,0.0174,68.39
18.42,11.5,443.09,312.83,1,0,0,1,1.0,0.012,1,291.9,257.26,0.018,14.96
38.8,55.54,123.13,963.77,2,2,1,1,3.75,0.0475,0,267.25,917.78,0.1366,47.17
22.95,10.78,58.99,627.94,0,2,2,1,1.0,0.0116,1,294.6,195.42,0.0174,16.86
10.67,48.04,373.13,498.42,2,0,2,1,1.0,0.0116,0,261.77,625.69,0.0174,29.36
83.18,62.96,144.84,313.05,2,2,0,1,1.0,0.012,0,237.89,1482.67,0.018,73.07
47.41,33.25,440.16,702.34,2,0,1,1,3.75,0.0475,0,252.88,660.89,0.1366,40.33
28.38,66.41,211.43,996.08,0,1,0,1,1.0,0.012,0,232.43,806.28,0.018,47.39
60.93,92.51,410.37,506.02,2,0,0,1,1.0,0.012,2,229.65,1615.22,0.018,76.72
54.31,27.31,258.77,321.24,2,1,2,1,1.0,0.0116,0,256.7,847.53,0.0174,40.81
95.7,57.97,334.19,588.65,1,0,0,1,1.0,0.012,2,220.01,1489.65,0.018,76.84
18.92,66.07,251.09,800.19,0,1,2,1,1.0,0.0116,0,251.85,826.33,0.0174,42.49
46.57,93.39,369.69,477.03,1,0,2,1,1.0,0.0116,2,221.46,1401.38,0.0174,69.98
98.61,69.98,178.43,627.23,1,1,2,1,1.0,0.0116,2,220.51,1633.14,0.0174,84.3
32.09,74.58,399.57,706.08,0,2,1,1,3.75,0.0475,0,255.28,1079.27,0.1366,53.34
17.08,39.78,161.73,989.21,1,2,2,1,1.0,0.0116,0,286.28,533.63,0.0174,28.43
71.63,29.09,157.55,353.16,1,1,2,1,1.0,0.0116,0,235.2,983.05,0.0174,50.36
11.77,89.15,484.52,407.41,1,1,1,1,3.75,0.0475,2,259.05,1035.54,0.1366,50.46
23.19,24.37,405.54,654.66,1,2,1,1,3.75,0.0475,1,277.48,452.14,0.1366,23.78
37.8,43.19,396.38,829.84,1,1,1,1,3.75,0.0475,0,265.28,803.47,0.1366,40.49
46.58,79.47,267.74,907.78,2,2,0,1,1.0,0.012,0,230.89,1290.13,0.018,63.02
82.46,86.51,180.12,957.03,0,1,0,1,1.0,0.012,2,239.4,1748.91,0.018,84.48
68.06,11.53,482.17,140.13,1,1,0,1,1.0,0.012,0,267.43,801.49,0.018,39.8
69.94,84.04,55.98,587.81,1,0,2,1,1.0,0.0116,0,222.2,1381.28,0.0174,76.99
16.5,71.6,276.45,788.63,0,2,2,1,1.0,0.0116,0,244.06,878.51,0.0174,44.05
68.34,25.51,442.58,651.8,0,2,1,1,3.75,0.0475,0,245.17,940.2,0.1366,46.93
66.41,32.79,411.66,836.04,0,0,1,1,3.75,0.0475,0,250.42,1012.74,0.1366,49.6
50.95,77.81,109.61,592.22,0,1,1,1,3.75,0.0475,0,226.94,1292.49,0.1366,64.38
47.62,86.8,435.27,189.31,1,0,2,1,1.0,0.0116,2,230.43,1323.86,0.0174,67.21
88.73,21.6,374.0,191.05,2,2,1,1,3.75,0.0475,2,229.86,1167.35,0.1366,55.17
81.0,31.03,337.64,312.11,1,0,0,1,1.0,0.012,0,250.7,1139.51,0.018,56.02
21.41,87.99,317.11,214.4,2,1,0,1,1.0,0.012,2,233.47,1081.36,0.018,54.7
73.03,78.3,97.61,555.53,2,2,2,1,1.0,0.0116,0,230.79,1514.27,0.0174,75.66
58.21,45.48,431.69,543.68,0,2,2,1,1.0,0.0116,0,237.2,878.06,0.0174,51.84
86.21,84.87,231.58,399.97,1,2,0,1,1.0,0.012,2,242.01,1695.52,0.018,85.54
31.45,81.46,268.92,400.64,2,0,2,1,1.0,0.0116,0,240.89,1109.11,0.0174,56.45
95.44,37.46,125.99,514.61,0,0,1,1,3.75,0.0475,2,238.41,1231.53,0.1366,66.45
59.65,42.09,251.29,968.97,2,0,0,1,1.0,0.012,0,235.18,982.0,0.018,50.87
31.91,51.2,391.78,285.39,0,1,0,1,1.0,0.012,0,272.72,810.13,0.018,41.55
40.49,60.74,142.24,767.8,1,2,1,1,3.75,0.0475,0,252.46,999.91,0.1366,50.62
41.73,75.04,193.65,915.32,1,2,2,1,1.0,0.0116,0,240.03,1158.51,0.0174,58.39
54.37,17.37,138.19,949.39,2,0,2,1,1.0,0.0116,0,263.5,729.46,0.0174,35.87
93.1,59.03,171.38,732.16,0,1,1,1,3.75,0.0475,2,232.62,1461.98,0.1366,76.06
14.68,20.23,51.76,999.51,2,1,2,1,1.0,0.0116,1,288.42,380.09,0.0174,17.45
55.88,37.01,118.07,356.21,2,2,2,1,1.0,0.0116,0,267.06,896.22,0.0174,46.45
58.57,16.97,58.11,192.1,2,2,1,1,3.75,0.0475,0,269.09,748.32,0.1366,37.77
67.37,82.16,259.87,425.5,2,0,0,1,1.0,0.012,0,219.62,1519.27,0.018,74.77
56.1,53.86,331.29,951.57,1,1,1,1,3.75,0.0475,0,256.84,1216.78,0.1366,54.98
14.53,15.66,134.31,129.22,1,2,0,1,1.0,0.012,1,293.61,349.34,0.018,15.09
22.25,85.25,119.65,371.06,0,1,0,1,1.0,0.012,2,239.38,1007.47,0.018,53.75
32.92,54.01,233.33,987.91,0,2,1,1,3.75,0.0475,0,258.0,843.19,0.1366,43.47
14.91,85.28,280.37,574.31,0,2,0,1,1.0,0.012,2,237.46,1013.54,0.018,50.09
27.79,38.69,317.07,289.11,1,0,1,1,3.75,0.0475,0,259.95,713.19,0.1366,33.24
22.21,23.11,363.84,678.53,1,1,0,1,1.0,0.012,1,268.82,476.97,0.018,22.66
31.91,85.8,144.19,165.27,2,2,0,1,1.0,0.012,2,233.43,1257.58,0.018,58.85
92.8,68.52,90.69,953.07,0,1,2,1,1.0,0.0116,2,211.12,1552.24,0.0174,80.66
46.2,14.61,273.43,210.99,2,1,1,1,3.75,0.0475,0,252.71,552.1,0.1366,30.41
79.56,82.29,119.04,429.9,1,0,1,1,3.75,0.0475,0,208.8,1599.84,0.1366,80.93
81.86,73.65,135.67,430.05,2,0,0,1,1.0,0.012,0,224.92,1513.92,0.018,77.75
20.92,98.73,401.31,451.21,2,0,0,1,1.0,0.012,2,248.45,1204.4,0.018,59.83
59.87,25.7,220.42,858.83,0,1,0,1,1.0,0.012,0,270.73,920.34,0.018,42.78
88.01,90.46,463.91,185.36,1,1,0,1,1.0,0.012,2,227.4,1799.96,0.018,89.23
78.12,64.6,125.05,817.68,2,0,0,1,1.0,0.012,0,224.15,1439.13,0.018,71.36
51.74,25.66,201.86,116.27,2,1,0,1,1.0,0.012,0,272.27,664.44,0.018,38.7
65.76,69.71,426.33,293.92,0,1,0,1,1.0,0.012,0,232.3,1416.2,0.018,67.73
98.33,18.76,186.38,674.4,1,1,0,1,1.0,0.012,2,247.33,1160.62,0.018,58.55
15.91,59.45,315.89,687.46,1,1,2,1,1.0,0.0116,0,254.92,686.87,0.0174,37.68
85.93,27.54,422.09,606.39,2,0,1,1,3.75,0.0475,2,251.16,1183.18,0.1366,56.73
28.68,61.19,440.48,488.9,0,0,2,1,1.0,0.0116,0,254.55,923.85,0.0174,44.94
22.85,45.05,478.27,387.75,1,0,1,1,3.75,0.0475,0,259.49,667.21,0.1366,33.95
75.21,38.04,402.32,498.39,0,0,1,1,3.75,0.0475,0,258.66,1128.45,0.1366,56.62
44.41,49.88,219.29,430.61,0,2,2,1,1.0,0.0116,0,266.64,948.69,0.0174,47.14
42.56,57.18,351.83,342.5,1,2,1,1,3.75,0.0475,0,253.0,990.04,0.1366,49.87
75.12,61.95,341.47,126.37,1,1,0,1,1.0,0.012,0,233.39,1490.31,0.018,68.53
59.12,42.35,86.66,274.01,2,0,1,1,3.75,0.0475,0,248.12,1043.04,0.1366,50.73
52.0,14.74,66.9,745.46,1,1,1,1,3.75,0.0475,0,273.74,823.05,0.1366,33.37
31.88,77.03,125.71,270.94,2,1,0,1,1.0,0.012,0,227.59,1072.6,0.018,54.45
32.27,68.07,342.94,842.07,0,0,2,1,1.0,0.0116,0,242.49,996.32,0.0174,50.17
34.63,98.2,318.32,738.76,0,2,1,1,3.75,0.0475,2,233.67,1316.42,0.1366,66.42
13.38,61.23,464.35,971.58,1,1,0,1,1.0,0.012,0,241.65,848.21,0.018,37.3
95.05,70.62,79.2,519.15,0,1,1,1,3.75,0.0475,2,215.31,1576.73,0.1366,82.84
50.99,62.39,210.55,247.84,0,2,1,1,3.75,0.0475,0,256.19,1134.53,0.1366,56.69
69.76,40.45,470.99,920.99,0,1,0,1,1.0,0.012,0,252.21,1129.02,0.018,55.11
97.11,90.09,320.24,577.05,1,0,1,1,3.75,0.0475,2,228.25,1837.66,0.1366,93.6
60.15,76.84,175.9,608.46,2,2,1,1,3.75,0.0475,0,229.8,1329.26,0.1366,68.5
77.51,72.41,495.79,350.1,2,2,2,1,1.0,0.0116,0,204.3,1498.1,0.0174,74.96
49.65,87.13,357.89,894.2,1,0,0,1,1.0,0.012,2,235.03,1354.23,0.018,68.39
15.38,89.97,198.08,383.13,0,0,1,1,3.75,0.0475,2,254.42,1054.47,0.1366,52.67
14.3,41.7,435.46,456.45,0,1,0,1,1.0,0.012,0,268.65,492.95,0.018,28.0
44.7,92.39,392.87,554.6,2,0,2,1,1.0,0.0116,2,231.25,1385.36,0.0174,68.55
15.24,33.6,246.23,241.21,1,1,2,1,1.0,0.0116,0,281.68,410.63,0.0174,24.42
74.93,94.72,446.74,563.67,0,2,1,1,3.75,0.0475,2,218.52,1770.4,0.1366,84.83
59.74,20.33,106.76,576.58,1,0,0,1,1.0,0.012,0,269.53,916.93,0.018,40.03
97.19,53.58,78.62,596.52,2,0,1,1,3.75,0.0475,2,206.41,1472.41,0.1366,75.38
91.6,27.21,326.94,465.14,0,1,1,1,3.75,0.0475,2,239.44,1170.8,0.1366,59.41
33.87,71.75,476.96,341.24,2,1,1,1,3.75,0.0475,0,239.52,1059.6,0.1366,52.81
94.06,78.97,346.08,841.51,0,0,2,1,1.0,0.0116,2,215.97,1734.21,0.0174,86.52
74.26,93.22,282.71,205.36,0,0,1,1,3.75,0.0475,2,205.52,1678.85,0.1366,83.74
63.32,53.42,330.16,109.04,1,1,2,1,1.0,0.0116,0,241.23,1097.19,0.0174,58.37
95.55,44.52,240.97,743.23,0,1,2,1,1.0,0.0116,2,214.14,1441.54,0.0174,70.03
46.97,29.59,484.71,217.57,1,1,1,1,3.75,0.0475,0,259.14,762.12,0.1366,38.28
29.96,80.24,140.53,172.06,1,0,0,1,1.0,0.012,0,242.16,1101.29,0.018,55.1
17.63,82.69,397.16,923.62,0,1,0,1,1.0,0.012,0,254.2,1045.39,0.018,50.16
14.71,80.46,430.48,819.17,0,2,1,1,3.75,0.0475,0,236.59,954.21,0.1366,47.58
86.08,75.44,491.34,240.12,0,0,2,1,1.0,0.0116,2,212.32,1582.25,0.0174,80.76
81.33,26.82,80.0,998.7,0,1,0,1,1.0,0.012,0,256.26,1061.13,0.018,54.08
